Transaction_ID,City,Property_Type,Rooms,Floor,Area_SQM,Price_ILS,Build_Year,Transaction_Date,Has_Elevator,Has_Parking,Balcony_SQM
10001,Ramat Gan,Apartment,4.5,6,115.1,4624000.0,2022.0,2025-03-27,True,True,9.3
10002,Petah Tikva,Apartment,3.0,5,96.4,2343000.0,1994.0,2025-11-06,True,False,0.0
10003,Haifa,Apartment,4.5,11,115.0,2422000.0,2011.0,2026-03-29,True,True,45.6
10004,Jerusalem,Apartment,3.5,11,115.8,3829000.0,1987.0,2026-01-16,True,True,29.3
10005,Tel Aviv,Apartment,4.5,5,69.5,2944000.0,1977.0,2026-02-07,True,True,37.3
10006,Tel Aviv,Villa,4.0,0,336.9,15936000.0,1995.0,2026-05-21,False,True,15.1
10007,Tel Aviv,Apartment,2.5,2,99.4,3804000.0,1992.0,2025-05-09,True,True,0.0
10008,Rishon LeZion,Apartment,3.0,14,114.2,3093000.0,2023.0,2025-02-20,True,True,42.6
10009,Haifa,Apartment,4.0,10,107.3,2658000.0,1985.0,2025-01-25,True,True,21.1
10010,Haifa,Apartment,4.5,4,91.8,2110000.0,2007.0,2025-01-07,True,False,25.5
10011,Tel Aviv,Apartment,2.5,12,92.0,-500000.0,1999.0,2025-09-19,True,True,0.0
10012,Petah Tikva,Apartment,4.5,8,64.8,1516000.0,1976.0,2024-02-21,True,False,22.4
10013,Rishon LeZion,Villa,5.5,0,167.4,5160000.0,1999.0,2025-01-10,False,False,0.0
10014,Tel Aviv,Penthouse,4.0,16,202.3,10627000.0,1966.0,2025-01-29,True,True,0.0
10015,Tel Aviv,Villa,6.0,0,313.8,15237000.0,2016.0,2026-07-11,False,True,36.4
10016,Tel Aviv,Cottage,4.5,0,0.0,8910000.0,1967.0,2024-05-21,False,False,36.1
10017,Ramat Gan,Apartment,3.0,10,122.5,4664000.0,2015.0,2024-03-26,True,True,27.8
10018,Jerusalem,Apartment,2.5,1,112.4,4098000.0,1990.0,2025-04-08,False,True,0.0
10019,Ramat Gan,Apartment,4.5,3,103.7,4147000.0,2018.0,2024-02-15,True,True,0.0
10020,Ramat Gan,Penthouse,5.0,23,178.7,7478000.0,2017.0,2026-04-23,True,False,16.1
10021,Haifa,Apartment,50.0,1,119.0,2984000.0,1971.0,2024-08-25,False,True,15.4
10022,Tel Aviv,Apartment,2.5,1,75.0,3201000.0,,2024-01-10,False,True,47.7
10023,Ramat Gan,Apartment,3.5,7,68.6,2122000.0,1990.0,2025-10-25,True,True,0.0
10024,Ramat Gan,Apartment,2.0,13,61.3,2384000.0,2022.0,2025-07-26,True,False,11.3
10025,Jerusalem,Apartment,4.0,7,82.3,2784000.0,1998.0,2025-06-13,True,True,30.7
10026,Rishon LeZion,Apartment,4.0,7,51.3,1269000.0,1979.0,2025-08-20,True,True,38.2
10027,Tel Aviv,Apartment,2.5,14,107.9,4753000.0,2007.0,2025-10-10,True,True,0.0
10028,Jerusalem,Apartment,4.5,7,71.2,2166000.0,2013.0,2026-07-01,True,True,0.0
10029,Jerusalem,Apartment,2.5,4,75.9,2642000.0,1988.0,2026-01-11,True,True,49.0
10030,Tel Aviv,Apartment,4.0,9,85.4,3789000.0,2007.0,2025-10-01,True,True,0.0
10031,Haifa,Penthouse,4.0,9,203.2,6816000.0,2015.0,2025-09-07,True,True,42.4
10032,Tel Aviv,Apartment,4.0,8,92.6,3610000.0,1976.0,2025-11-28,True,False,0.0
10033,Tel Aviv,Apartment,2.5,3,54.2,2333000.0,1968.0,2026-06-27,True,True,15.6
10034,Petah Tikva,Apartment,3.5,6,108.5,2698000.0,1993.0,2024-06-26,True,True,0.0
10035,Petah Tikva,Apartment,3.5,8,57.1,1429000.0,2004.0,2026-05-18,True,False,13.2
10036,Rishon LeZion,Villa,6.0,0,301.0,9385000.0,1968.0,2024-01-06,False,True,8.3
10037,Ramat Gan,Apartment,2.5,10,86.0,3217000.0,1966.0,2026-05-02,True,True,0.0
10038,Tel Aviv,Apartment,3.0,1,128.5,6433000.0,1975.0,2024-11-02,True,False,29.0
10039,Haifa,Apartment,2.5,14,81.9,2085000.0,1978.0,2025-07-01,True,True,36.3
10040,Ramat Gan,Apartment,4.0,5,111.5,4260000.0,1965.0,2024-11-22,True,True,39.8
10041,Tel Aviv,Apartment,3.5,14,99.9,4968000.0,1970.0,2024-12-21,True,True,6.9
10042,Jerusalem,Apartment,4.5,7,98.7,3256000.0,2020.0,2026-03-03,True,True,24.3
10043,Tel Aviv,Apartment,4.0,4,52.9,2613000.0,2001.0,2025-01-29,True,True,10.5
10044,Petah Tikva,Apartment,3.0,2,80.5,1894000.0,1972.0,2024-10-26,False,False,0.0
10045,Ramat Gan,Apartment,3.5,9,74.4,2525000.0,1971.0,2025-06-09,True,True,0.0
10046,Haifa,Apartment,5.0,7,119.9,2550000.0,1979.0,2026-01-18,True,True,27.4
10047,Ramat Gan,Apartment,3.5,6,129.4,4485000.0,2009.0,2024-10-11,True,True,45.2
10048,Jerusalem,Cottage,4.5,0,336.1,11243000.0,1995.0,2024-11-25,False,False,0.0
10049,Jerusalem,Apartment,4.0,2,103.9,3844000.0,1996.0,2024-02-19,True,False,33.7
10050,Tel Aviv,Apartment,4.5,14,113.2,4808000.0,1971.0,2026-02-11,True,True,44.8
10051,Petah Tikva,Apartment,3.0,9,51.8,1139000.0,1999.0,2025-09-13,True,False,0.0
10052,Rishon LeZion,Apartment,3.0,3,128.0,3548000.0,2013.0,2025-12-09,False,False,0.0
10053,Petah Tikva,Apartment,3.5,9,88.3,1914000.0,1961.0,2025-01-12,True,True,30.4
10054,Rishon LeZion,Apartment,2.5,14,121.9,2961000.0,2009.0,2026-02-02,True,True,28.6
10055,Jerusalem,Penthouse,5.0,24,171.8,6648000.0,2000.0,2025-08-22,True,True,37.6
10056,Petah Tikva,Apartment,2.5,5,88.3,2184000.0,2004.0,2026-04-04,True,False,0.0
10057,Tel Aviv,Apartment,2.0,4,112.1,4943000.0,1968.0,2025-06-21,True,False,36.1
10058,Tel Aviv,Apartment,3.0,12,90.5,4439000.0,2021.0,2026-02-12,True,True,0.0
10059,Tel Aviv,Apartment,4.5,12,50.0,2412000.0,2006.0,2024-05-23,True,True,37.1
10060,Ramat Gan,Apartment,4.0,2,62.2,2129000.0,1964.0,2024-02-29,True,True,6.7
10061,Ramat Gan,Apartment,2.5,3,66.9,2225000.0,1960.0,2026-05-17,False,False,22.0
10062,Ramat Gan,Apartment,2.0,2,105.6,3493000.0,2003.0,2026-02-18,False,False,0.0
10063,Rishon LeZion,Villa,4.5,0,178.4,6371000.0,1981.0,2024-03-15,False,True,48.1
10064,Ramat Gan,Apartment,3.0,14,64.2,1945000.0,1997.0,2024-01-03,True,True,21.7
10065,Ramat Gan,Apartment,3.5,1,129.7,3876000.0,1978.0,2025-07-28,False,True,
10066,Jerusalem,Penthouse,4.5,11,142.6,6559000.0,1990.0,2026-01-17,True,False,0.0
10067,Tel Aviv,Apartment,3.5,6,60.5,2704000.0,2001.0,2025-03-23,True,True,10.5
10068,Rishon LeZion,Cottage,5.5,0,188.9,5081000.0,1985.0,2026-01-10,False,True,43.1
10069,Tel Aviv,Apartment,3.5,12,64.2,2660000.0,1972.0,2026-06-20,True,False,0.0
10070,Petah Tikva,Apartment,2.0,5,83.3,2353000.0,2017.0,2024-10-01,True,True,0.0
10071,Rishon LeZion,Apartment,4.5,6,96.6,2943000.0,1977.0,2025-06-13,True,False,29.3
10072,Tel Aviv,Apartment,3.5,8,67.2,3214000.0,1962.0,2025-08-14,True,True,0.0
10073,Tel Aviv,Apartment,4.0,2,65.9,2950000.0,2014.0,2024-08-02,True,True,38.3
10074,Rishon LeZion,Apartment,3.0,4,71.3,1973000.0,2017.0,2025-11-13,True,False,0.0
10075,Haifa,Apartment,4.5,5,57.8,1486000.0,2022.0,2025-04-29,True,True,45.0
10076,Haifa,Apartment,4.5,4,69.5,1782000.0,2011.0,2024-11-24,True,True,41.4
10077,Rishon LeZion,Apartment,3.0,3,81.6,2052000.0,1983.0,2024-09-11,True,True,40.3
10078,Tel Aviv,Apartment,5.0,5,60.7,2986000.0,1968.0,2025-01-21,True,True,0.0
10079,Ramat Gan,Apartment,3.0,8,105.1,3344000.0,1996.0,2024-05-05,True,True,0.0
10080,Tel Aviv,Apartment,3.0,13,124.4,5117000.0,2012.0,2026-02-05,True,False,27.2
10081,Rishon LeZion,Apartment,3.5,8,101.0,2924000.0,1983.0,2025-08-06,True,False,45.4
10082,Haifa,Apartment,3.5,11,68.2,1491000.0,1980.0,2025-07-03,True,False,13.6
10083,Ramat Gan,Cottage,5.5,0,326.5,14198000.0,1999.0,2024-11-19,False,True,0.0
10084,Tel Aviv,Apartment,3.5,12,104.4,4119000.0,2021.0,2024-07-22,True,False,0.0
10085,Ramat Gan,Apartment,4.0,9,102.7,3607000.0,1973.0,2024-06-20,True,False,0.0
10086,Ramat Gan,Penthouse,4.0,7,244.3,12511000.0,2001.0,2026-01-04,True,True,35.5
10087,Haifa,Apartment,3.5,10,129.3,3262000.0,2009.0,2024-08-04,True,True,0.0
10088,Haifa,Villa,7.0,0,306.8,7430000.0,2020.0,2024-09-01,False,True,37.4
10089,Rishon LeZion,Apartment,2.5,10,102.8,2714000.0,1963.0,2024-12-01,True,False,24.0
10090,Jerusalem,Apartment,2.0,10,56.6,1905000.0,1976.0,2025-12-03,True,True,43.0
10091,Tel Aviv,Villa,5.0,0,303.8,14729000.0,2016.0,2024-10-24,False,False,36.3
10092,Haifa,Apartment,4.0,2,50.8,1303000.0,2007.0,2026-04-11,False,True,0.0
10093,Rishon LeZion,Apartment,4.5,4,101.5,3139000.0,2003.0,2024-06-30,True,False,0.0
10094,Jerusalem,Apartment,4.5,14,75.8,2217000.0,2004.0,2024-11-29,True,True,9.1
10095,Rishon LeZion,Apartment,5.0,11,98.2,2394000.0,1992.0,2025-05-25,True,True,7.5
10096,Jerusalem,Apartment,2.5,12,53.5,1522000.0,1990.0,2025-01-17,True,True,41.0
10097,Jerusalem,Apartment,2.5,2,79.8,2912000.0,2006.0,2025-12-17,True,True,16.7
10098,Ramat Gan,Apartment,3.0,12,63.1,2006000.0,1965.0,2026-05-22,True,False,31.2
10099,Tel Aviv,Apartment,2.5,4,65.8,2887000.0,1993.0,2024-07-17,True,False,25.0
10100,Tel Aviv,Cottage,6.0,0,207.2,10099000.0,2012.0,2024-11-27,False,True,0.0
10101,Tel Aviv,Penthouse,6.0,27,153.6,9253000.0,1973.0,2024-06-13,True,True,0.0
10102,Haifa,Apartment,4.5,5,86.8,1702000.0,1975.0,2024-08-29,True,True,0.0
10103,Ramat Gan,Penthouse,5.0,12,143.5,5994000.0,2002.0,2026-06-18,True,True,0.0
10104,Jerusalem,Apartment,4.5,6,71.5,2625000.0,1971.0,2025-10-03,True,True,0.0
10105,Petah Tikva,Apartment,2.5,13,60.5,1698000.0,1978.0,2024-08-14,True,False,47.5
10106,Tel Aviv,Apartment,5.0,11,89.1,4348000.0,2000.0,2025-09-25,True,False,0.0
10107,Ramat Gan,Apartment,4.0,12,93.4,2798000.0,2012.0,2025-07-09,True,True,16.6
10108,Rishon LeZion,Apartment,4.0,8,58.5,1525000.0,1988.0,2025-03-26,True,True,0.0
10109,Tel Aviv,Apartment,4.5,14,100.9,4715000.0,2018.0,2024-07-14,True,True,39.9
10110,Tel Aviv,Apartment,3.5,8,50.7,2128000.0,2023.0,2026-05-19,True,True,0.0
10111,Ramat Gan,Apartment,4.5,5,72.2,2838000.0,1983.0,2024-07-22,True,True,47.8
10112,Tel Aviv,Apartment,4.0,10,74.9,3506000.0,1975.0,2025-04-02,True,True,47.2
10113,Petah Tikva,Apartment,4.0,14,65.0,1416000.0,2011.0,2026-04-09,True,True,5.6
10114,Rishon LeZion,Apartment,3.5,13,91.9,2837000.0,1965.0,2024-09-13,True,True,12.8
10115,Haifa,Penthouse,5.5,26,121.4,4039000.0,1996.0,2025-06-12,True,True,0.0
10116,Rishon LeZion,Apartment,3.0,5,76.2,1830000.0,1963.0,2024-09-28,True,True,20.1
10117,Rishon LeZion,Apartment,3.5,7,90.2,2505000.0,1997.0,2024-01-09,True,True,9.3
10118,Tel Aviv,Apartment,4.0,13,112.4,4760000.0,2000.0,2026-01-30,True,False,0.0
10119,Rishon LeZion,Apartment,3.0,10,83.0,2209000.0,1973.0,2024-07-19,True,False,0.0
10120,Jerusalem,Apartment,2.0,5,63.4,1862000.0,2010.0,2024-02-28,True,False,27.2
10121,Rishon LeZion,Apartment,2.5,13,97.1,2733000.0,2024.0,2026-06-05,True,True,13.4
10122,Rishon LeZion,Apartment,4.0,14,58.3,1824000.0,2011.0,2025-01-27,True,True,34.7
10123,Ramat Gan,Apartment,3.5,4,98.3,3444000.0,1989.0,2025-10-13,True,True,0.0
10124,Tel Aviv,Apartment,4.0,2,51.8,2039000.0,2016.0,2024-04-28,False,True,0.0
10125,Tel Aviv,Apartment,2.5,14,105.6,4923000.0,1989.0,2025-07-06,True,False,0.0
10126,Ramat Gan,Apartment,4.0,10,113.1,3769000.0,2001.0,2025-02-02,True,True,31.9
10127,Rishon LeZion,Apartment,2.5,13,76.3,2322000.0,1970.0,2026-04-13,True,True,46.6
10128,Rishon LeZion,Apartment,3.0,2,55.0,1483000.0,1986.0,2024-11-26,False,True,46.4
10129,Tel Aviv,Penthouse,6.0,19,241.3,12815000.0,1983.0,2024-09-23,True,True,0.0
10130,Jerusalem,Apartment,4.0,1,89.7,2645000.0,1998.0,2025-06-03,True,False,38.1
10131,Ramat Gan,Apartment,5.0,6,109.8,4153000.0,1977.0,2025-11-25,True,True,39.9
10132,Tel Aviv,Apartment,4.0,10,64.8,2711000.0,2004.0,2025-04-24,True,True,41.4
10133,Tel Aviv,Apartment,2.5,2,106.0,5152000.0,1971.0,2024-05-13,True,True,30.7
10134,Ramat Gan,Apartment,3.0,6,91.4,2917000.0,2008.0,2025-11-23,True,False,0.0
10135,Petah Tikva,Apartment,2.0,5,118.2,2797000.0,1990.0,2026-07-04,True,True,39.3
10136,Ramat Gan,Apartment,4.5,5,64.9,2248000.0,1981.0,2026-07-23,True,True,9.8
10137,Jerusalem,Penthouse,6.0,14,211.8,10138000.0,2003.0,2024-12-20,True,True,10.3
10138,Haifa,Apartment,4.0,14,89.7,2280000.0,2023.0,2025-08-06,True,False,0.0
10139,Ramat Gan,Apartment,2.0,9,54.6,1743000.0,1984.0,2025-05-12,True,True,49.3
10140,Petah Tikva,Apartment,2.5,12,110.1,2635000.0,2010.0,2025-09-16,True,True,15.9
10141,Petah Tikva,Apartment,2.0,4,72.6,1624000.0,1966.0,2024-04-16,True,False,34.1
10142,Ramat Gan,Apartment,3.0,6,69.8,2450000.0,1965.0,2024-10-16,True,False,18.7
10143,Jerusalem,Villa,4.5,0,204.4,7877000.0,1983.0,2026-04-04,False,True,0.0
10144,Ramat Gan,Apartment,4.5,10,71.5,2803000.0,1978.0,2025-09-20,True,False,31.7
10145,Ramat Gan,Apartment,2.0,4,55.0,2173000.0,1968.0,2025-09-23,True,True,0.0
10146,Tel Aviv,Villa,4.5,0,256.5,13367000.0,1995.0,2024-05-26,False,False,16.8
10147,Haifa,Apartment,2.5,7,68.9,1546000.0,1999.0,2024-11-22,True,True,0.0
10148,Jerusalem,Apartment,5.0,11,94.8,3447000.0,1983.0,2025-02-18,True,True,0.0
10149,Tel Aviv,Villa,4.0,0,233.8,13787000.0,2007.0,2024-07-28,False,False,8.5
10150,Ramat Gan,Apartment,3.5,9,128.4,3825000.0,2022.0,2024-10-22,True,False,0.0
10151,Petah Tikva,Apartment,2.5,7,95.2,2252000.0,2012.0,2025-02-01,True,True,
10152,Tel Aviv,Apartment,5.0,9,127.4,5598000.0,2013.0,2024-04-12,True,False,37.7
10153,Tel Aviv,Apartment,2.5,1,68.0,2812000.0,2001.0,2025-09-27,False,True,10.0
10154,Jerusalem,Apartment,4.0,7,93.6,2768000.0,2004.0,2026-01-26,True,False,32.4
10155,Petah Tikva,Villa,4.5,0,230.8,5964000.0,1973.0,2025-05-22,False,True,
10156,Tel Aviv,Apartment,4.0,7,93.5,4388000.0,1988.0,2026-06-09,True,True,7.6
10157,Haifa,Apartment,4.5,6,84.3,1762000.0,1965.0,2026-05-17,True,True,0.0
10158,Rishon LeZion,Apartment,4.5,6,103.5,2464000.0,1966.0,2024-07-27,True,True,8.7
10159,Tel Aviv,Apartment,4.0,3,93.6,3872000.0,1996.0,2026-07-21,True,True,
10160,Haifa,Apartment,2.5,8,78.5,1926000.0,2012.0,2025-03-03,True,True,0.0
10161,Ramat Gan,Villa,6.5,0,249.5,11584000.0,1977.0,2025-01-27,False,True,0.0
10162,Haifa,Apartment,2.5,5,76.4,1710000.0,1997.0,2026-04-05,True,False,0.0
10163,Haifa,Apartment,2.0,6,60.1,1318000.0,2018.0,2026-07-04,True,True,0.0
10164,Jerusalem,Apartment,4.5,4,69.1,2568000.0,1960.0,2024-04-18,True,True,0.0
10165,Tel Aviv,Apartment,4.5,10,94.6,3875000.0,2003.0,2026-06-07,True,True,33.5
10166,Rishon LeZion,Apartment,3.5,8,122.7,3086000.0,2006.0,2024-12-13,True,True,0.0
10167,Ramat Gan,Apartment,4.5,4,79.8,2619000.0,1994.0,2024-02-19,True,True,5.4
10168,Tel Aviv,Apartment,3.0,11,112.0,4545000.0,,2026-07-04,True,True,20.5
10169,Tel Aviv,Villa,4.5,0,254.7,13256000.0,2011.0,2024-04-14,False,True,26.7
10170,Jerusalem,Apartment,4.5,12,72.1,2632000.0,1967.0,2025-02-23,True,True,13.3
10171,Haifa,Apartment,3.0,9,123.2,2868000.0,2000.0,2025-01-07,True,True,27.1
10172,Tel Aviv,Apartment,3.5,10,94.6,4145000.0,1962.0,2024-01-27,True,True,0.0
10173,Jerusalem,Apartment,3.0,3,121.8,4474000.0,1973.0,2026-03-10,False,False,0.0
10174,Tel Aviv,Apartment,2.5,6,66.2,2575000.0,1985.0,2026-02-07,True,True,20.6
10175,Haifa,Apartment,4.0,5,115.6,2375000.0,2017.0,2024-09-29,True,False,33.3
10176,Tel Aviv,Apartment,4.0,14,56.7,2602000.0,1999.0,2025-10-10,True,True,6.9
10177,Haifa,Cottage,6.5,0,251.0,6428000.0,,2024-12-05,False,False,12.7
10178,Ramat Gan,Villa,5.5,0,346.8,12554000.0,1964.0,2024-10-27,False,True,0.0
10179,Petah Tikva,Apartment,3.0,13,129.8,3151000.0,1991.0,2025-04-24,True,True,21.0
10180,Tel Aviv,Villa,6.0,0,176.0,9929000.0,1960.0,2026-04-13,False,False,22.6
10181,Ramat Gan,Apartment,3.5,3,107.5,3986000.0,2013.0,2025-06-27,False,True,0.0
10182,Tel Aviv,Cottage,4.0,0,296.3,15275000.0,1970.0,2025-07-10,False,True,0.0
10183,Petah Tikva,Apartment,3.0,13,123.5,2921000.0,2012.0,2024-09-21,True,True,0.0
10184,Rishon LeZion,Apartment,3.0,12,87.7,2118000.0,1967.0,2025-06-25,True,False,0.0
10185,Ramat Gan,Penthouse,4.5,16,153.1,6814000.0,1984.0,2025-08-18,True,True,25.6
10186,Haifa,Penthouse,4.5,16,142.6,3707000.0,1999.0,2024-06-14,True,True,17.3
10187,Rishon LeZion,Apartment,2.5,8,107.5,3353000.0,1991.0,2024-11-11,True,False,0.0
10188,Jerusalem,Apartment,3.0,2,86.0,2774000.0,1987.0,2024-01-01,True,True,0.0
10189,Jerusalem,Apartment,3.5,9,96.2,2955000.0,1962.0,2026-01-30,True,False,49.7
10190,Tel Aviv,Apartment,3.5,12,128.3,6235000.0,2021.0,2024-09-17,True,True,12.6
10191,Tel Aviv,Apartment,4.0,4,58.5,2631000.0,1986.0,2024-03-03,True,False,0.0
10192,Rishon LeZion,Apartment,2.0,8,64.0,1660000.0,2004.0,2025-04-27,True,True,27.7
10193,Petah Tikva,Cottage,4.5,0,317.4,9545000.0,1984.0,2025-11-06,False,True,33.7
10194,Haifa,Apartment,4.0,3,91.0,2273000.0,2020.0,2024-11-16,True,True,12.7
10195,Ramat Gan,Apartment,2.0,5,74.3,2735000.0,2003.0,2026-04-25,True,True,43.7
10196,Ramat Gan,Apartment,4.5,14,68.6,2075000.0,2005.0,2024-07-19,True,True,28.9
10197,Haifa,Penthouse,6.0,17,204.6,6104000.0,1973.0,2024-08-09,True,True,23.5
10198,Rishon LeZion,Cottage,4.0,0,183.8,5999000.0,1967.0,2024-05-31,False,True,0.0
10199,Rishon LeZion,Apartment,3.5,14,119.2,2921000.0,2007.0,2025-10-05,True,True,33.6
10200,Rishon LeZion,Apartment,3.0,3,114.2,2885000.0,1973.0,2025-09-17,False,True,6.9
10201,Haifa,Apartment,2.0,1,109.2,2739000.0,2024.0,2025-04-06,True,True,50.0
10202,Tel Aviv,Villa,5.0,0,321.7,14871000.0,1966.0,2024-08-04,False,True,0.0
10203,Tel Aviv,Apartment,4.5,3,105.9,5127000.0,2008.0,2024-07-14,True,True,7.8
10204,Rishon LeZion,Penthouse,6.0,17,214.5,7608000.0,2014.0,2026-03-03,True,True,43.4
10205,Haifa,Apartment,3.5,7,100.8,2232000.0,1972.0,2024-07-20,True,True,0.0
10206,Tel Aviv,Apartment,4.0,8,93.3,3578000.0,2015.0,2025-10-08,True,False,41.7
10207,Tel Aviv,Apartment,2.0,14,95.4,4704000.0,2015.0,2024-08-21,True,True,43.3
10208,Haifa,Apartment,4.0,14,73.8,1591000.0,1974.0,2024-05-20,True,True,33.2
10209,Tel Aviv,Apartment,4.0,14,55.2,2514000.0,2016.0,2025-12-08,True,True,0.0
10210,Tel Aviv,Cottage,6.5,0,216.1,11266000.0,2017.0,2025-05-12,False,False,0.0
10211,Jerusalem,Apartment,2.5,8,56.3,1941000.0,1994.0,2025-07-08,True,True,0.0
10212,Haifa,Apartment,3.0,1,84.3,2156000.0,1975.0,2024-02-26,False,False,35.2
10213,Haifa,Apartment,4.5,14,91.7,2083000.0,1967.0,2026-07-20,True,True,0.0
10214,Tel Aviv,Apartment,2.5,4,89.1,3889000.0,2004.0,2025-05-18,True,False,29.5
10215,Haifa,Apartment,4.5,9,103.5,2646000.0,1999.0,2024-05-21,True,True,0.0
10216,Tel Aviv,Penthouse,6.0,28,123.3,7521000.0,2013.0,2025-12-22,True,True,0.0
10217,Ramat Gan,Apartment,3.0,8,84.8,2788000.0,1973.0,2025-08-06,True,True,8.5
10218,Haifa,Apartment,3.0,9,63.2,1263000.0,2018.0,2026-01-05,True,False,0.0
10219,Haifa,Apartment,4.0,5,97.3,2414000.0,2012.0,2025-06-22,True,False,11.3
10220,Rishon LeZion,Apartment,4.0,4,60.5,1595000.0,1986.0,2025-10-01,True,True,23.8
10221,Haifa,Apartment,3.5,12,102.2,2410000.0,2006.0,2024-04-15,True,True,0.0
10222,Jerusalem,Villa,6.0,0,298.7,11547000.0,1965.0,2024-06-13,False,True,30.2
10223,Tel Aviv,Apartment,3.0,7,121.3,4965000.0,2014.0,2024-08-02,True,True,22.1
10224,Ramat Gan,Apartment,3.5,13,53.7,1937000.0,2003.0,2024-03-11,True,True,7.2
10225,Ramat Gan,Apartment,3.5,12,86.0,2613000.0,1977.0,2025-12-16,True,True,0.0
10226,Tel Aviv,Apartment,2.5,3,98.9,4335000.0,1975.0,2025-10-26,False,False,49.4
10227,Petah Tikva,Apartment,4.0,8,93.0,2358000.0,1971.0,2025-08-01,True,True,46.0
10228,Ramat Gan,Cottage,4.0,0,316.7,11959000.0,1979.0,2024-03-30,False,True,0.0
10229,Rishon LeZion,Penthouse,4.5,5,224.3,8617000.0,2004.0,2026-02-10,True,True,9.7
10230,Haifa,Apartment,3.0,14,53.6,1325000.0,2023.0,2026-05-23,True,False,15.8
10231,Rishon LeZion,Apartment,2.5,8,99.4,2956000.0,2018.0,2024-08-15,True,False,0.0
10232,Jerusalem,Apartment,4.5,3,96.0,2688000.0,1981.0,2024-03-19,False,True,21.0
10233,Jerusalem,Apartment,2.0,11,86.0,2539000.0,2006.0,2025-08-30,True,False,0.0
10234,Jerusalem,Villa,4.5,0,228.0,8990000.0,1988.0,2024-12-14,False,False,16.0
10235,Tel Aviv,Apartment,4.5,8,107.1,5448000.0,2004.0,2026-04-21,True,True,0.0
10236,Haifa,Apartment,4.5,1,126.4,3130000.0,1968.0,2026-06-12,False,True,0.0
10237,Ramat Gan,Penthouse,5.5,12,120.3,6036000.0,1983.0,2024-09-02,True,False,35.5
10238,Tel Aviv,Apartment,2.0,7,119.7,5068000.0,1974.0,2024-09-28,True,True,47.7
10239,Haifa,Apartment,3.0,4,86.5,1905000.0,1995.0,2025-02-06,True,True,0.0
10240,Tel Aviv,Apartment,4.0,3,94.0,4193000.0,1972.0,2025-10-30,False,True,38.8
10241,Petah Tikva,Villa,5.0,0,214.2,5765000.0,2003.0,2024-04-25,False,True,38.8
10242,Petah Tikva,Apartment,4.0,2,104.3,2241000.0,1995.0,2025-03-10,False,False,
10243,Petah Tikva,Apartment,4.0,11,90.2,2557000.0,2020.0,2025-06-13,True,True,0.0
10244,Ramat Gan,Apartment,4.0,9,119.9,3870000.0,1999.0,2025-03-17,True,True,0.0
10245,Tel Aviv,Apartment,4.0,11,92.4,3834000.0,1986.0,2024-06-20,True,False,17.7
10246,Petah Tikva,Penthouse,5.5,12,210.3,5980000.0,1960.0,2024-01-16,True,True,36.0
10247,Ramat Gan,Apartment,3.5,11,96.2,3800000.0,1993.0,2026-01-21,True,True,0.0
10248,Petah Tikva,Apartment,4.5,5,67.3,1723000.0,1980.0,2026-06-16,True,False,0.0
10249,Petah Tikva,Apartment,4.0,8,117.6,3087000.0,1992.0,2024-02-25,True,True,0.0
10250,Rishon LeZion,Apartment,3.0,2,56.2,1736000.0,1966.0,2025-08-13,False,True,0.0
10251,Ramat Gan,Apartment,4.5,6,85.7,2861000.0,2024.0,2024-04-12,True,True,0.0
10252,Ramat Gan,Apartment,3.5,3,96.3,3493000.0,1962.0,2024-10-10,False,True,42.9
10253,Rishon LeZion,Apartment,3.0,7,96.6,2289000.0,2010.0,2025-12-05,True,False,0.0
10254,Ramat Gan,Apartment,2.0,9,81.4,2581000.0,2013.0,2025-05-31,True,True,7.8
10255,Tel Aviv,Apartment,2.5,2,84.4,4175000.0,2018.0,2025-09-09,False,True,22.0
10256,Jerusalem,Apartment,4.5,8,125.7,4412000.0,1965.0,2024-10-04,True,True,43.7
10257,Petah Tikva,Apartment,4.0,10,101.0,2412000.0,1988.0,2026-06-03,True,True,0.0
10258,Haifa,Apartment,3.0,11,74.9,1623000.0,1976.0,2025-09-03,True,False,0.0
10259,Jerusalem,Apartment,3.5,5,117.3,3851000.0,2019.0,2026-01-19,True,False,45.9
10260,Tel Aviv,Apartment,3.5,6,105.1,4020000.0,1981.0,2024-09-25,True,False,47.2
10261,Haifa,Apartment,2.5,5,128.2,2661000.0,1983.0,2026-04-12,True,True,5.6
10262,Petah Tikva,Apartment,3.0,13,53.1,1211000.0,2010.0,2025-02-03,True,False,0.0
10263,Tel Aviv,Apartment,2.5,11,51.9,2161000.0,2009.0,2025-05-17,True,True,0.0
10264,Jerusalem,Apartment,3.0,5,122.0,4329000.0,1970.0,2024-03-26,True,False,21.9
10265,Rishon LeZion,Apartment,3.0,10,87.9,2257000.0,2015.0,2024-11-15,True,False,0.0
10266,Haifa,Apartment,4.5,2,128.7,2628000.0,2001.0,2024-02-01,False,True,24.2
10267,Haifa,Apartment,3.0,14,80.8,1820000.0,1998.0,2024-12-01,True,True,28.2
10268,Haifa,Apartment,5.0,4,88.2,2202000.0,2007.0,2024-02-20,True,True,31.2
10269,Ramat Gan,Apartment,4.5,13,116.7,3768000.0,2016.0,2024-03-19,True,True,
10270,Ramat Gan,Apartment,4.5,10,106.7,3262000.0,1980.0,2025-11-28,True,False,36.6
10271,Rishon LeZion,Apartment,3.0,5,71.6,1884000.0,1979.0,2024-06-22,True,True,0.0
10272,Rishon LeZion,Villa,5.5,0,219.5,7782000.0,1974.0,2025-09-09,False,True,24.8
10273,Rishon LeZion,Apartment,5.0,8,62.0,1731000.0,2010.0,2025-05-15,True,True,11.4
10274,Petah Tikva,Penthouse,5.0,8,249.2,8869000.0,2021.0,2025-07-28,True,False,33.8
10275,Jerusalem,Cottage,6.0,0,263.9,10735000.0,1996.0,2024-03-16,False,True,39.8
10276,Jerusalem,Apartment,4.0,5,61.8,2185000.0,1965.0,2024-11-11,True,True,33.7
10277,Rishon LeZion,Cottage,6.0,0,331.4,10337000.0,1985.0,2026-04-12,False,True,0.0
10278,Haifa,Apartment,4.5,11,107.8,2421000.0,1967.0,2025-01-07,True,True,15.3
10279,Haifa,Apartment,2.0,12,109.7,2128000.0,1963.0,2024-03-21,True,True,0.0
10280,Rishon LeZion,Apartment,4.5,5,72.1,2271000.0,1980.0,2026-05-22,True,False,20.1
10281,Rishon LeZion,Cottage,7.0,0,179.8,5249000.0,1990.0,2025-10-01,False,True,46.4
10282,Ramat Gan,Apartment,3.5,12,119.1,3734000.0,1980.0,2025-11-25,True,True,34.4
10283,Ramat Gan,Apartment,3.5,10,91.8,3374000.0,1984.0,2026-01-24,True,True,0.0
10284,Tel Aviv,Apartment,3.0,7,90.9,3826000.0,1974.0,2025-11-27,True,True,26.3
10285,Jerusalem,Apartment,4.0,2,121.6,4054000.0,1994.0,2026-01-01,False,True,43.1
10286,Tel Aviv,Apartment,4.5,12,111.2,5134000.0,2008.0,2024-03-11,True,True,0.0
10287,Jerusalem,Apartment,3.5,13,129.7,4147000.0,2002.0,2026-05-03,True,True,28.6
10288,Jerusalem,Apartment,3.5,13,117.8,4215000.0,2000.0,2025-10-27,True,True,0.0
10289,Ramat Gan,Cottage,4.0,0,326.7,11691000.0,1996.0,2026-01-26,False,True,39.0
10290,Jerusalem,Apartment,5.0,13,67.7,2166000.0,2016.0,2025-10-13,True,False,0.0
10291,Tel Aviv,Apartment,3.5,2,105.0,4778000.0,2001.0,2024-03-11,True,True,30.4
10292,Tel Aviv,Apartment,3.5,6,100.6,4749000.0,2006.0,2024-02-15,True,False,0.0
10293,Rishon LeZion,Apartment,4.5,12,72.3,2158000.0,2020.0,2024-02-16,True,False,48.6
10294,Ramat Gan,Apartment,4.5,9,129.2,4379000.0,1973.0,2025-08-13,True,True,34.5
10295,Tel Aviv,Apartment,4.5,10,73.6,3457000.0,2012.0,2025-02-25,True,False,49.3
10296,Jerusalem,Apartment,3.0,1,100.6,2927000.0,1993.0,2024-05-28,False,True,30.7
10297,Rishon LeZion,Apartment,4.5,13,111.5,3464000.0,1983.0,2026-06-28,True,True,0.0
10298,Tel Aviv,Apartment,4.5,1,99.1,4303000.0,1979.0,2024-05-09,False,True,29.8
10299,Haifa,Apartment,4.0,9,72.4,1741000.0,1989.0,2025-03-31,True,True,10.2
10300,Tel Aviv,Apartment,3.0,6,93.9,3617000.0,1966.0,2025-09-30,True,True,23.1
10301,Tel Aviv,Apartment,5.0,13,55.8,2289000.0,1995.0,2026-05-26,True,True,25.6
10302,Jerusalem,Villa,5.5,0,209.9,8154000.0,1997.0,2025-09-22,False,True,43.2
10303,Jerusalem,Apartment,4.5,7,69.4,2511000.0,2011.0,2026-05-18,True,True,39.1
10304,Haifa,Apartment,2.0,2,82.2,1865000.0,1974.0,2025-05-19,False,True,0.0
10305,Haifa,Apartment,4.5,12,82.1,2085000.0,2005.0,2026-07-17,True,True,0.0
10306,Petah Tikva,Apartment,3.0,8,122.5,3048000.0,1982.0,2026-02-12,True,True,13.4
10307,Jerusalem,Apartment,4.5,5,93.9,3043000.0,1971.0,2024-08-31,True,True,0.0
10308,Ramat Gan,Apartment,4.0,13,78.6,2437000.0,2003.0,2025-04-18,True,True,35.6
10309,Rishon LeZion,Apartment,2.5,6,107.6,3228000.0,1974.0,2025-01-16,True,True,16.8
10310,Ramat Gan,Cottage,5.5,0,314.3,11182000.0,2008.0,2024-04-12,False,False,24.2
10311,Ramat Gan,Apartment,4.0,4,69.4,2720000.0,1980.0,2025-05-03,True,False,22.4
10312,Tel Aviv,Apartment,3.0,4,73.2,3700000.0,1974.0,2024-02-06,True,True,39.5
10313,Tel Aviv,Apartment,2.5,4,112.0,5710000.0,1973.0,2025-10-15,True,False,0.0
10314,Petah Tikva,Apartment,2.5,7,120.6,3033000.0,2001.0,2025-07-02,True,True,0.0
10315,Rishon LeZion,Penthouse,4.5,15,172.3,6487000.0,1974.0,2025-06-03,True,True,20.4
10316,Haifa,Apartment,3.5,1,53.7,1309000.0,2022.0,2026-01-12,False,False,24.5
10317,Ramat Gan,Apartment,4.5,6,96.7,3010000.0,1986.0,2024-11-28,True,True,0.0
10318,Tel Aviv,Apartment,2.5,6,109.3,5067000.0,2012.0,2025-01-31,True,False,12.6
10319,Tel Aviv,Apartment,4.5,11,60.4,2338000.0,2011.0,2024-10-22,True,True,0.0
10320,Ramat Gan,Apartment,3.0,2,113.1,3956000.0,2022.0,2024-04-16,True,True,10.9
10321,Jerusalem,Cottage,5.5,0,332.0,10640000.0,2012.0,2026-05-09,False,True,13.1
10322,Haifa,Apartment,4.0,12,59.3,1207000.0,2016.0,2025-06-13,True,True,14.1
10323,Haifa,Apartment,3.0,13,100.6,2172000.0,2011.0,2026-04-04,True,True,0.0
10324,Ramat Gan,Apartment,2.5,10,70.3,2411000.0,2002.0,2024-03-23,True,True,0.0
10325,Petah Tikva,Cottage,4.5,0,205.7,5866000.0,,2026-07-22,False,False,49.6
10326,Haifa,Apartment,4.0,4,73.8,1449000.0,2001.0,2024-10-14,True,True,0.0
10327,Jerusalem,Apartment,4.0,3,130.0,4230000.0,1963.0,2025-12-06,True,True,7.1
10328,Haifa,Apartment,5.0,6,90.0,1832000.0,1964.0,2025-04-05,True,True,24.0
10329,Ramat Gan,Apartment,4.0,2,111.7,3996000.0,2000.0,2024-08-02,True,False,
10330,Tel Aviv,Apartment,4.5,7,83.3,3903000.0,1963.0,2024-10-07,True,True,11.1
10331,Ramat Gan,Penthouse,4.5,6,205.5,9509000.0,1961.0,2026-01-01,True,True,43.1
10332,Rishon LeZion,Apartment,4.0,8,113.7,3350000.0,1980.0,2025-04-03,True,False,31.7
10333,Tel Aviv,Apartment,3.0,13,60.9,2605000.0,2002.0,2026-03-11,True,True,0.0
10334,Tel Aviv,Apartment,4.0,2,128.0,6218000.0,1968.0,2024-12-09,True,True,0.0
10335,Tel Aviv,Apartment,4.0,12,65.9,2906000.0,1987.0,2024-07-12,True,False,0.0
10336,Tel Aviv,Cottage,5.0,0,223.6,11016000.0,1985.0,2024-06-06,False,False,34.6
10337,Rishon LeZion,Apartment,4.5,6,93.5,2685000.0,1962.0,2025-04-09,True,True,0.0
10338,Haifa,Apartment,2.0,10,80.3,1546000.0,2008.0,2024-04-13,True,True,10.3
10339,Jerusalem,Apartment,4.0,6,125.9,4281000.0,1976.0,2024-02-03,True,False,0.0
10340,Tel Aviv,Apartment,3.0,3,92.5,4311000.0,2022.0,2024-04-11,True,True,13.4
10341,Jerusalem,Apartment,4.0,8,120.2,3684000.0,2014.0,2025-09-30,True,False,9.6
10342,Jerusalem,Apartment,4.0,10,74.9,2132000.0,1982.0,2025-12-26,True,True,18.6
10343,Tel Aviv,Apartment,3.5,1,128.1,5057000.0,1993.0,2024-11-20,True,True,0.0
10344,Ramat Gan,Apartment,2.0,5,80.6,3179000.0,1974.0,2026-03-18,True,True,0.0
10345,Ramat Gan,Apartment,3.0,5,51.4,1901000.0,2006.0,2025-11-21,True,False,18.2
10346,Haifa,Apartment,4.0,1,67.9,1357000.0,1962.0,2025-08-14,True,False,24.1
10347,Haifa,Apartment,2.0,12,74.0,1593000.0,1987.0,2024-05-20,True,True,0.0
10348,Tel Aviv,Apartment,4.5,7,104.0,4810000.0,1962.0,2025-04-18,True,False,13.2
10349,Ramat Gan,Apartment,4.5,8,112.4,4330000.0,1963.0,2024-01-31,True,True,0.0
10350,Haifa,Apartment,2.5,6,122.0,2369000.0,1990.0,2026-06-02,True,True,0.0
10351,Jerusalem,Apartment,2.5,13,88.7,2655000.0,2004.0,2026-07-23,True,False,28.5
10352,Rishon LeZion,Apartment,4.0,7,96.6,2967000.0,2018.0,2024-03-03,True,False,5.4
10353,Haifa,Villa,4.5,0,256.1,5897000.0,2004.0,2025-07-13,False,False,26.9
10354,Tel Aviv,Apartment,5.0,11,56.0,2294000.0,1996.0,2024-03-27,True,False,42.7
10355,Tel Aviv,Apartment,4.0,11,99.6,5099000.0,2024.0,2024-10-30,True,True,14.9
10356,Haifa,Cottage,6.5,0,213.0,5451000.0,1968.0,2024-03-01,False,True,0.0
10357,Tel Aviv,Apartment,4.5,13,100.9,4216000.0,1976.0,2025-01-30,True,False,5.9
10358,Jerusalem,Apartment,4.0,12,114.8,3246000.0,2024.0,2024-11-29,True,True,49.0
10359,Petah Tikva,Villa,5.0,0,295.0,7597000.0,1962.0,2026-02-24,False,True,0.0
10360,Jerusalem,Apartment,4.0,9,105.2,3157000.0,1985.0,2025-02-14,True,True,0.0
10361,Ramat Gan,Villa,5.5,0,196.1,9179000.0,2012.0,2024-10-10,False,True,0.0
10362,Haifa,Apartment,5.0,1,92.4,2027000.0,1990.0,2025-04-10,False,False,31.4
10363,Jerusalem,Apartment,5.0,13,127.0,4400000.0,1985.0,2024-03-20,True,True,0.0
10364,Jerusalem,Apartment,4.5,14,86.8,3175000.0,1982.0,2025-11-22,True,False,0.0
10365,Petah Tikva,Apartment,3.5,13,94.9,2307000.0,1989.0,2026-02-22,True,True,25.0
10366,Ramat Gan,Cottage,5.5,0,329.5,11511000.0,1969.0,2024-03-17,False,True,19.6
10367,Petah Tikva,Apartment,5.0,1,113.5,2852000.0,2023.0,2026-01-02,True,True,7.5
10368,Petah Tikva,Cottage,4.5,0,342.1,10559000.0,1981.0,2026-06-23,False,True,0.0
10369,Tel Aviv,Apartment,3.5,3,82.5,4051000.0,1974.0,2026-03-04,False,True,7.0
10370,Tel Aviv,Villa,5.5,0,193.8,9102000.0,2015.0,2025-06-23,False,True,0.0
10371,Tel Aviv,Apartment,4.0,2,55.8,2656000.0,1979.0,2024-12-26,True,True,0.0
10372,Tel Aviv,Apartment,2.0,10,116.4,5351000.0,2006.0,2024-03-17,True,True,13.6
10373,Tel Aviv,Apartment,5.0,13,126.8,6403000.0,2012.0,2025-05-23,True,True,35.0
10374,Haifa,Apartment,5.0,2,81.4,1624000.0,2012.0,2024-06-12,False,True,30.9
10375,Tel Aviv,Cottage,6.5,0,212.0,10601000.0,1960.0,2024-01-09,False,True,19.2
10376,Ramat Gan,Apartment,4.0,11,63.0,2456000.0,1961.0,2024-06-23,True,True,0.0
10377,Rishon LeZion,Apartment,4.5,6,98.2,2628000.0,2017.0,2025-04-06,True,False,0.0
10378,Tel Aviv,Penthouse,4.5,8,240.4,13987000.0,1978.0,2024-11-02,True,True,43.9
10379,Rishon LeZion,Apartment,2.0,11,114.6,2745000.0,2021.0,2025-08-10,True,False,0.0
10380,Ramat Gan,Apartment,4.0,7,57.6,1882000.0,1971.0,2024-09-01,True,False,16.0
10381,Tel Aviv,Apartment,3.0,9,121.6,5184000.0,1985.0,2024-05-01,True,True,38.8
10382,Haifa,Apartment,3.0,4,81.8,2086000.0,1986.0,2024-07-03,True,False,5.8
10383,Haifa,Villa,7.0,0,159.0,4013000.0,1988.0,2024-02-01,False,True,
10384,Rishon LeZion,Apartment,4.0,1,57.3,1557000.0,1974.0,2026-01-31,False,False,0.0
10385,Haifa,Apartment,5.0,3,96.2,2276000.0,2005.0,2025-07-22,True,False,0.0
10386,Rishon LeZion,Apartment,5.0,2,80.9,1999000.0,1960.0,2024-11-05,True,True,47.8
10387,Ramat Gan,Apartment,4.0,2,69.2,2412000.0,2019.0,2025-01-06,True,True,37.2
10388,Tel Aviv,Apartment,5.0,13,52.2,2517000.0,2016.0,2025-10-17,True,True,27.2
10389,Rishon LeZion,Penthouse,4.0,13,124.7,4949000.0,1962.0,2026-04-09,True,True,33.8
10390,Rishon LeZion,Apartment,4.0,2,68.0,1941000.0,1977.0,2025-08-18,False,True,0.0
10391,Petah Tikva,Apartment,3.5,11,84.2,2212000.0,2011.0,2024-02-25,True,True,0.0
10392,Ramat Gan,Apartment,3.0,3,78.2,2430000.0,2019.0,2026-03-01,True,True,0.0
10393,Ramat Gan,Cottage,7.0,0,328.5,14339000.0,1993.0,2024-09-29,False,True,10.2
10394,Rishon LeZion,Apartment,4.5,4,121.1,2963000.0,2019.0,2025-04-08,True,False,20.6
10395,Ramat Gan,Apartment,4.0,13,64.9,2459000.0,1985.0,2025-11-08,True,False,45.5
10396,Petah Tikva,Apartment,2.0,7,100.9,2345000.0,1978.0,2025-03-31,True,True,37.5
10397,Rishon LeZion,Apartment,5.0,10,90.6,2816000.0,1981.0,2025-10-31,True,True,6.3
10398,Ramat Gan,Apartment,4.5,8,53.8,2007000.0,1992.0,2024-09-05,True,True,6.0
10399,Rishon LeZion,Apartment,4.5,13,102.4,3030000.0,1997.0,2025-11-28,True,True,28.2
10400,Rishon LeZion,Apartment,3.5,9,53.6,1350000.0,1994.0,2024-03-18,True,False,0.0
10401,Tel Aviv,Apartment,2.0,13,60.2,2663000.0,1969.0,2025-06-17,True,True,0.0
10402,Petah Tikva,Apartment,4.0,9,54.9,1421000.0,1974.0,2024-04-17,True,True,18.6
10403,Jerusalem,Apartment,5.0,9,68.1,2393000.0,,2024-09-29,True,False,0.0
10404,Rishon LeZion,Apartment,3.5,13,120.6,2922000.0,1983.0,2026-02-02,True,False,17.2
10405,Ramat Gan,Apartment,5.0,4,67.9,2706000.0,1963.0,2024-01-15,True,True,27.1
10406,Rishon LeZion,Apartment,4.5,9,83.8,2574000.0,1972.0,2025-01-04,True,True,0.0
10407,Ramat Gan,Apartment,4.5,14,70.2,2288000.0,2016.0,2024-10-30,True,True,12.7
10408,Tel Aviv,Apartment,3.0,9,122.2,6031000.0,1996.0,2025-11-02,True,True,0.0
10409,Petah Tikva,Penthouse,4.5,11,219.1,7160000.0,2007.0,2024-07-23,True,False,46.3
10410,Tel Aviv,Apartment,4.0,8,56.3,2504000.0,1960.0,2024-04-22,True,True,43.6
10411,Ramat Gan,Apartment,2.0,10,71.5,2363000.0,2019.0,2025-11-10,True,True,14.0
10412,Petah Tikva,Apartment,5.0,1,53.4,1367000.0,1971.0,2026-05-14,False,False,0.0
10413,Petah Tikva,Apartment,5.0,4,100.6,2688000.0,,2024-09-09,True,False,0.0
10414,Jerusalem,Apartment,2.5,5,91.1,2882000.0,1970.0,2025-03-16,True,False,0.0
10415,Haifa,Apartment,5.0,4,85.9,2008000.0,2003.0,2024-07-04,True,True,0.0
10416,Ramat Gan,Apartment,3.5,7,123.7,4588000.0,2017.0,2026-05-08,True,True,44.6
10417,Ramat Gan,Apartment,4.5,7,77.6,2888000.0,2003.0,2024-08-14,True,True,7.3
10418,Ramat Gan,Apartment,2.5,9,77.6,2351000.0,1993.0,2025-06-11,True,True,0.0
10419,Haifa,Apartment,2.5,4,59.5,1483000.0,1984.0,2025-10-29,True,True,40.1
10420,Rishon LeZion,Apartment,5.0,13,89.7,2436000.0,1963.0,2024-12-19,True,True,0.0
10421,Rishon LeZion,Apartment,4.5,4,108.8,2779000.0,2023.0,2025-09-14,True,True,23.2
10422,Rishon LeZion,Apartment,4.5,3,60.0,1522000.0,1975.0,2024-01-01,False,False,6.9
10423,Tel Aviv,Apartment,5.0,1,85.0,3806000.0,,2025-07-06,False,True,35.7
10424,Jerusalem,Apartment,3.5,11,106.5,3863000.0,2025.0,2025-07-13,True,False,0.0
10425,Tel Aviv,Apartment,2.0,8,90.4,3920000.0,1994.0,2026-07-15,True,True,0.0
10426,Jerusalem,Apartment,2.5,6,126.9,4433000.0,1965.0,2025-02-23,True,False,47.0
10427,Ramat Gan,Apartment,3.0,3,60.5,1861000.0,1978.0,2025-09-11,False,True,18.8
10428,Rishon LeZion,Cottage,4.5,0,212.0,6367000.0,2018.0,2024-06-09,False,False,7.2
10429,Ramat Gan,Apartment,4.5,8,90.1,3619000.0,2012.0,2024-06-09,True,True,35.4
10430,Tel Aviv,Apartment,4.0,14,95.7,4656000.0,1967.0,2026-05-20,True,True,0.0
10431,Tel Aviv,Penthouse,5.5,23,152.2,8130000.0,1969.0,2024-05-07,True,False,48.1
10432,Rishon LeZion,Apartment,3.5,1,73.0,2008000.0,1997.0,2025-12-22,False,True,12.1
10433,Haifa,Apartment,3.0,11,124.8,2584000.0,1988.0,2024-05-30,True,True,22.6
10434,Tel Aviv,Apartment,3.0,12,55.5,2430000.0,1974.0,2025-03-19,True,False,43.0
10435,Tel Aviv,Apartment,2.5,14,76.7,3742000.0,1982.0,2026-02-05,True,False,0.0
10436,Haifa,Apartment,2.0,11,79.9,1944000.0,2005.0,2025-04-15,True,True,33.1
10437,Tel Aviv,Villa,6.0,0,284.3,14100000.0,1987.0,2025-04-07,False,True,17.1
10438,Rishon LeZion,Apartment,4.5,14,112.8,3495000.0,1985.0,2025-12-30,True,True,0.0
10439,Haifa,Apartment,3.0,4,72.1,1667000.0,1969.0,2024-01-30,True,True,10.6
10440,Tel Aviv,Apartment,2.0,9,86.0,3731000.0,2006.0,2025-04-17,True,False,0.0
10441,Tel Aviv,Villa,4.5,0,259.6,14027000.0,1963.0,2025-07-10,False,True,12.8
10442,Petah Tikva,Villa,5.5,0,188.0,5818000.0,2014.0,2024-03-20,False,True,30.8
10443,Ramat Gan,Apartment,3.0,1,81.8,2914000.0,2025.0,2024-02-08,False,False,31.3
10444,Ramat Gan,Apartment,3.5,10,109.2,3806000.0,1966.0,2024-08-27,True,True,21.6
10445,Rishon LeZion,Apartment,4.0,8,127.5,3511000.0,2014.0,2025-07-10,True,True,20.9
10446,Petah Tikva,Apartment,2.5,7,124.0,2799000.0,1990.0,2025-08-12,True,True,35.1
10447,Petah Tikva,Apartment,2.5,9,97.9,2677000.0,1978.0,2024-12-02,True,True,22.5
10448,Rishon LeZion,Apartment,3.0,2,51.2,1426000.0,1987.0,2026-06-26,True,True,16.5
10449,Ramat Gan,Villa,5.0,0,285.2,10653000.0,1987.0,2026-05-10,False,True,0.0
10450,Tel Aviv,Apartment,3.0,6,71.7,3484000.0,1978.0,2026-03-10,True,True,0.0
10451,Rishon LeZion,Apartment,2.5,13,59.4,1845000.0,1979.0,2024-10-06,True,True,48.5
10452,Jerusalem,Apartment,5.0,5,108.9,4014000.0,1972.0,2024-04-25,True,True,33.6
10453,Ramat Gan,Cottage,4.5,0,267.5,9894000.0,,2024-09-25,False,True,0.0
10454,Petah Tikva,Apartment,2.0,9,100.2,2231000.0,1970.0,2026-07-04,True,True,0.0
10455,Tel Aviv,Apartment,3.0,7,86.0,3891000.0,2007.0,2024-11-30,True,True,33.1
10456,Jerusalem,Villa,5.0,0,318.0,10961000.0,1974.0,2024-11-07,False,True,49.5
10457,Tel Aviv,Apartment,5.0,6,58.2,2960000.0,1976.0,2024-02-22,True,True,24.7
10458,Jerusalem,Apartment,3.0,6,121.2,3565000.0,2013.0,2024-03-08,True,True,8.0
10459,Tel Aviv,Apartment,3.5,9,70.7,2946000.0,2009.0,2025-11-24,True,True,0.0
10460,Tel Aviv,Apartment,3.5,9,129.7,5673000.0,,2024-02-03,True,False,0.0
10461,Tel Aviv,Apartment,4.0,11,69.4,3014000.0,1963.0,2026-03-06,True,True,0.0
10462,Haifa,Apartment,4.0,8,115.5,2828000.0,1981.0,2026-03-28,True,False,49.2
10463,Haifa,Apartment,2.0,4,69.9,1552000.0,1998.0,2025-01-20,True,False,20.5
10464,Jerusalem,Apartment,2.0,5,122.9,3600000.0,1993.0,2024-09-05,True,True,0.0
10465,Petah Tikva,Apartment,4.0,2,98.5,2291000.0,2003.0,2024-04-20,True,True,32.4
10466,Ramat Gan,Apartment,3.0,2,76.6,2688000.0,2001.0,2024-04-03,False,False,17.3
10467,Ramat Gan,Cottage,5.0,0,248.7,8562000.0,1999.0,2025-02-13,False,True,36.4
10468,Rishon LeZion,Apartment,2.5,8,99.3,2822000.0,1971.0,2024-06-27,True,False,11.9
10469,Tel Aviv,Apartment,5.0,8,73.3,3364000.0,1961.0,2024-02-16,True,True,9.9
10470,Petah Tikva,Apartment,5.0,1,96.8,2576000.0,1987.0,2026-03-04,True,True,29.1
10471,Tel Aviv,Apartment,4.5,1,123.2,6272000.0,1969.0,2026-05-01,False,True,0.0
10472,Petah Tikva,Cottage,4.0,0,307.5,9502000.0,2016.0,2026-05-23,False,True,0.0
10473,Tel Aviv,Apartment,2.5,10,106.4,5429000.0,1996.0,2025-08-26,True,True,48.4
10474,Rishon LeZion,Apartment,3.5,4,61.6,1564000.0,2023.0,2025-01-10,True,True,0.0
10475,Jerusalem,Apartment,4.5,2,73.4,2122000.0,1999.0,2025-12-24,False,False,11.8
10476,Petah Tikva,Apartment,2.5,9,97.2,2286000.0,2019.0,2025-08-09,True,False,19.0
10477,Tel Aviv,Apartment,3.5,11,124.2,6251000.0,2007.0,2026-06-08,True,True,0.0
10478,Jerusalem,Apartment,4.0,7,50.9,1889000.0,1978.0,2024-07-20,True,False,28.5
10479,Petah Tikva,Apartment,2.5,6,62.8,1739000.0,1992.0,2025-03-20,True,False,13.5
10480,Jerusalem,Apartment,5.0,10,109.7,3148000.0,2003.0,2026-07-07,True,False,0.0
10481,Haifa,Apartment,3.5,4,114.5,2922000.0,1996.0,2026-07-21,True,True,0.0
10482,Haifa,Apartment,2.5,12,91.2,2005000.0,1995.0,2024-10-23,True,False,20.2
10483,Jerusalem,Apartment,4.0,5,56.1,1555000.0,1980.0,2024-11-03,True,True,34.5
10484,Haifa,Cottage,6.5,0,193.2,4699000.0,1961.0,2025-12-23,False,True,46.6
10485,Jerusalem,Penthouse,4.5,9,166.1,6062000.0,1990.0,2025-05-07,True,False,16.1
10486,Petah Tikva,Apartment,2.5,7,75.5,1912000.0,1989.0,2024-12-03,True,True,43.5
10487,Tel Aviv,Villa,4.0,0,315.8,16227000.0,2003.0,2026-07-11,False,True,46.4
10488,Ramat Gan,Apartment,4.5,9,104.2,3618000.0,1971.0,2025-10-07,True,False,
10489,Petah Tikva,Penthouse,5.0,27,173.9,5844000.0,2010.0,2026-04-21,True,True,47.8
10490,Rishon LeZion,Apartment,2.5,9,103.9,3173000.0,2008.0,2024-03-06,True,False,42.9
10491,Jerusalem,Apartment,3.0,14,89.2,3040000.0,1983.0,2026-03-02,True,False,31.7
10492,Haifa,Apartment,2.0,7,107.5,2371000.0,1983.0,2025-02-25,True,True,23.4
10493,Ramat Gan,Apartment,3.0,2,93.3,3578000.0,2019.0,2025-06-23,False,True,0.0
10494,Tel Aviv,Apartment,2.5,14,121.3,6123000.0,1970.0,2026-07-12,True,False,44.3
10495,Jerusalem,Apartment,4.0,10,96.6,2781000.0,1972.0,2025-09-20,True,True,0.0
10496,Ramat Gan,Apartment,4.0,10,69.6,2459000.0,2023.0,2025-05-07,True,False,0.0
10497,Jerusalem,Apartment,3.0,6,76.9,2338000.0,1979.0,2026-05-31,True,False,
10498,Tel Aviv,Apartment,4.0,8,94.6,3679000.0,1987.0,2024-11-12,True,True,42.2
10499,Petah Tikva,Apartment,4.5,14,104.3,2739000.0,1961.0,2026-07-30,True,True,0.0
10500,Petah Tikva,Apartment,2.5,10,90.0,2495000.0,2002.0,2026-04-16,True,False,27.4
10501,Haifa,Apartment,3.5,6,51.8,1048000.0,1967.0,2025-09-17,True,True,17.4
10502,Jerusalem,Villa,6.0,0,249.1,10625000.0,1972.0,2024-03-15,False,True,
10503,Ramat Gan,Villa,5.5,0,346.1,16077000.0,1994.0,2025-12-14,False,False,6.7
10504,Rishon LeZion,Apartment,3.0,13,121.7,3763000.0,1982.0,2026-07-27,True,False,30.6
10505,Haifa,Apartment,5.0,1,112.1,2345000.0,2005.0,2024-02-28,True,True,22.9
10506,Tel Aviv,Apartment,2.0,11,87.9,4435000.0,1974.0,2025-01-20,True,True,49.0
10507,Petah Tikva,Apartment,2.5,5,107.2,2536000.0,1961.0,2024-01-15,True,True,0.0
10508,Rishon LeZion,Cottage,6.0,0,289.5,8895000.0,2020.0,2024-08-18,False,False,29.9
10509,Petah Tikva,Apartment,4.5,13,117.5,2541000.0,2023.0,2025-09-08,True,False,37.1
10510,Haifa,Apartment,3.0,3,92.5,1796000.0,2011.0,2025-11-07,True,False,0.0
10511,Haifa,Apartment,4.5,3,120.6,2893000.0,,2024-07-17,False,True,15.1
10512,Ramat Gan,Apartment,3.0,5,101.8,3504000.0,2006.0,2026-07-04,True,False,0.0
10513,Petah Tikva,Apartment,2.0,2,120.2,2785000.0,1961.0,2024-12-19,True,False,0.0
10514,Rishon LeZion,Apartment,4.0,9,117.8,2939000.0,2003.0,2024-02-04,True,True,23.4
10515,Tel Aviv,Apartment,2.0,1,80.0,3784000.0,2023.0,2024-06-10,True,True,35.6
10516,Tel Aviv,Penthouse,4.5,19,242.5,12060000.0,1987.0,2026-01-26,True,False,0.0
10517,Ramat Gan,Apartment,2.5,3,78.0,2981000.0,2013.0,2026-03-09,False,True,0.0
10518,Rishon LeZion,Apartment,4.0,11,80.0,1922000.0,1995.0,2026-06-13,True,True,0.0
10519,Petah Tikva,Apartment,4.0,11,106.7,2421000.0,2022.0,2025-04-15,True,True,38.1
10520,Tel Aviv,Apartment,4.5,11,117.4,5103000.0,1984.0,2025-06-14,True,True,0.0
10521,Jerusalem,Apartment,2.5,12,58.3,1886000.0,2007.0,2026-03-02,True,True,48.2
10522,Ramat Gan,Apartment,4.5,4,96.7,3237000.0,1998.0,2026-05-01,True,True,48.6
10523,Petah Tikva,Apartment,3.0,13,104.2,2465000.0,2006.0,2025-02-26,True,False,33.2
10524,Rishon LeZion,Apartment,4.0,3,99.6,3120000.0,1980.0,2024-12-13,False,False,22.3
10525,Rishon LeZion,Apartment,4.0,7,77.8,2230000.0,1989.0,2025-11-24,True,False,0.0
10526,Jerusalem,Apartment,4.5,10,110.7,3083000.0,1990.0,2026-07-23,True,True,0.0
10527,Ramat Gan,Apartment,4.5,10,96.3,3300000.0,1985.0,2026-07-01,True,False,0.0
10528,Ramat Gan,Apartment,3.0,10,83.2,3240000.0,1981.0,2024-05-26,True,False,45.0
10529,Tel Aviv,Apartment,4.0,8,64.8,2742000.0,1980.0,2025-01-08,True,True,28.6
10530,Rishon LeZion,Apartment,3.5,2,122.6,2961000.0,1960.0,2025-11-18,False,True,0.0
10531,Rishon LeZion,Apartment,4.0,1,60.7,1799000.0,1996.0,2025-11-05,False,True,18.9
10532,Petah Tikva,Apartment,4.0,7,113.7,2933000.0,,2025-02-19,True,False,0.0
10533,Petah Tikva,Apartment,3.5,6,100.9,2576000.0,1968.0,2025-11-17,True,True,0.0
10534,Jerusalem,Apartment,3.0,13,71.6,2015000.0,1976.0,2025-05-08,True,False,0.0
10535,Rishon LeZion,Apartment,3.0,10,102.4,2512000.0,2006.0,2025-07-12,True,True,13.5
10536,Petah Tikva,Penthouse,5.5,14,225.9,7612000.0,2018.0,2024-09-12,True,True,0.0
10537,Rishon LeZion,Apartment,5.0,7,112.9,2833000.0,2013.0,2025-11-16,True,False,0.0
10538,Tel Aviv,Apartment,3.0,4,84.6,3812000.0,1971.0,2024-04-12,True,True,48.8
10539,Jerusalem,Apartment,2.0,6,120.3,3962000.0,2023.0,2024-04-30,True,True,0.0
10540,Tel Aviv,Apartment,4.0,5,118.6,4990000.0,,2025-02-22,True,False,45.9
10541,Petah Tikva,Apartment,4.5,9,121.0,3432000.0,2012.0,2024-12-15,True,False,15.1
10542,Haifa,Apartment,3.5,13,103.3,2563000.0,1975.0,2025-10-18,True,True,0.0
10543,Tel Aviv,Apartment,2.5,8,96.1,4613000.0,1964.0,2024-02-11,True,True,0.0
10544,Haifa,Apartment,5.0,11,76.1,1495000.0,2005.0,2025-01-01,True,True,0.0
10545,Haifa,Apartment,4.5,13,129.8,2575000.0,1973.0,2024-01-29,True,False,30.5
10546,Ramat Gan,Apartment,3.0,13,126.9,4432000.0,2003.0,2026-06-10,True,True,15.3
10547,Tel Aviv,Cottage,6.5,0,231.2,10280000.0,2022.0,2026-02-23,False,True,0.0
10548,Haifa,Apartment,4.0,12,68.6,1765000.0,2011.0,2024-01-14,True,True,32.8
10549,Jerusalem,Apartment,4.5,14,106.5,3107000.0,1985.0,2026-07-08,True,False,10.9
10550,Rishon LeZion,Apartment,4.5,7,99.6,2729000.0,2012.0,2026-03-28,True,False,20.4
10551,Jerusalem,Apartment,4.5,5,97.0,3024000.0,1988.0,2026-04-04,True,False,35.4
10552,Rishon LeZion,Apartment,4.0,13,108.6,3111000.0,1978.0,2025-04-29,True,True,0.0
10553,Jerusalem,Apartment,3.0,13,68.3,1973000.0,2006.0,2024-07-07,True,False,0.0
10554,Jerusalem,Apartment,3.0,8,79.7,2536000.0,1967.0,2026-05-21,True,True,7.8
10555,Rishon LeZion,Apartment,3.5,11,85.4,2190000.0,1982.0,2024-10-21,True,True,49.8
10556,Ramat Gan,Apartment,4.5,6,107.2,4188000.0,1994.0,2024-07-01,True,False,22.4
10557,Tel Aviv,Apartment,5.0,11,116.6,4524000.0,2012.0,2026-05-13,True,True,45.8
10558,Tel Aviv,Apartment,3.0,6,125.3,6338000.0,2017.0,2025-07-01,True,True,18.2
10559,Rishon LeZion,Apartment,2.0,5,101.5,3070000.0,1964.0,2026-05-31,True,False,38.9
10560,Haifa,Villa,4.0,0,260.9,6617000.0,1975.0,2024-02-06,False,True,0.0
10561,Haifa,Apartment,4.0,7,64.3,1572000.0,1976.0,2024-01-14,True,True,0.0
10562,Tel Aviv,Apartment,3.5,6,86.2,3333000.0,1991.0,2026-07-11,True,True,42.1
10563,Tel Aviv,Villa,4.0,0,287.1,17675000.0,2011.0,2025-09-26,False,True,0.0
10564,Tel Aviv,Apartment,4.0,11,117.1,5312000.0,1979.0,2025-08-17,True,False,0.0
10565,Ramat Gan,Penthouse,5.0,10,183.5,7857000.0,2025.0,2024-06-07,True,True,42.1
10566,Jerusalem,Apartment,4.0,13,116.7,3636000.0,1960.0,2025-05-08,True,False,14.5
10567,Ramat Gan,Apartment,3.5,6,97.4,2966000.0,2017.0,2024-11-24,True,True,26.7
10568,Ramat Gan,Apartment,4.0,6,55.3,2220000.0,2003.0,2025-09-05,True,True,
10569,Petah Tikva,Apartment,4.0,1,120.5,2596000.0,1965.0,2026-04-28,True,True,0.0
10570,Ramat Gan,Cottage,6.0,0,192.2,7744000.0,2009.0,2024-03-23,False,False,0.0
10571,Jerusalem,Cottage,6.5,0,189.3,6651000.0,1979.0,2025-07-09,False,True,46.9
10572,Rishon LeZion,Apartment,4.5,8,60.0,1872000.0,1973.0,2025-08-02,True,False,0.0
10573,Ramat Gan,Apartment,4.5,5,99.8,3227000.0,1964.0,2025-07-13,True,True,0.0
10574,Haifa,Villa,5.5,0,319.5,8710000.0,2000.0,2025-07-22,False,False,17.1
10575,Rishon LeZion,Apartment,3.0,4,84.8,2320000.0,1999.0,2025-08-09,True,False,23.5
10576,Petah Tikva,Apartment,4.5,1,125.0,3315000.0,1993.0,2024-01-22,True,False,0.0
10577,Tel Aviv,Apartment,4.5,11,83.3,3263000.0,2004.0,2024-05-11,True,False,0.0
10578,Petah Tikva,Apartment,3.5,11,71.5,1623000.0,1986.0,2025-04-09,True,True,0.0
10579,Jerusalem,Apartment,3.5,4,92.4,2746000.0,2003.0,2025-03-31,True,False,0.0
10580,Ramat Gan,Villa,4.5,0,172.9,7781000.0,1992.0,2024-10-28,False,True,30.4
10581,Jerusalem,Apartment,4.5,7,76.1,2243000.0,1992.0,2026-07-18,True,True,44.9
10582,Petah Tikva,Apartment,2.0,14,116.1,2966000.0,2003.0,2024-09-23,True,True,35.0
10583,Jerusalem,Apartment,4.0,4,55.0,1635000.0,1979.0,2026-03-09,True,True,34.1
10584,Ramat Gan,Apartment,4.5,6,112.1,4349000.0,1995.0,2025-01-29,True,True,0.0
10585,Haifa,Apartment,2.5,8,56.6,1442000.0,1966.0,2024-04-29,True,True,0.0
10586,Tel Aviv,Apartment,4.0,7,99.4,4498000.0,1991.0,2024-09-02,True,True,0.0
10587,Tel Aviv,Apartment,4.5,6,74.3,3195000.0,1998.0,2025-07-21,True,True,45.1
10588,Tel Aviv,Apartment,3.0,12,89.0,3685000.0,,2024-02-07,True,True,19.2
10589,Tel Aviv,Apartment,5.0,7,81.7,3180000.0,2013.0,2024-09-01,True,False,14.7
10590,Tel Aviv,Apartment,3.5,5,86.7,3631000.0,1997.0,2024-01-21,True,False,31.7
10591,Tel Aviv,Apartment,4.0,2,112.2,5283000.0,1991.0,2024-04-19,True,False,0.0
10592,Haifa,Cottage,5.0,0,257.6,6440000.0,2004.0,2025-08-28,False,True,37.2
10593,Tel Aviv,Penthouse,5.5,21,242.3,16063000.0,2020.0,2025-01-28,True,True,0.0
10594,Ramat Gan,Apartment,3.5,5,109.3,3706000.0,2012.0,2025-02-13,True,False,0.0
10595,Rishon LeZion,Apartment,4.0,12,102.6,2986000.0,2010.0,2025-10-09,True,False,
10596,Jerusalem,Apartment,2.5,2,105.9,3431000.0,2015.0,2026-01-12,False,False,27.6
10597,Haifa,Apartment,4.5,14,121.2,2737000.0,1986.0,2024-01-08,True,True,0.0
10598,Tel Aviv,Penthouse,5.0,10,195.3,10629000.0,1997.0,2025-03-19,True,True,14.4
10599,Tel Aviv,Apartment,2.5,6,94.2,4182000.0,2021.0,2024-11-23,True,False,0.0
10600,Tel Aviv,Apartment,2.5,11,95.7,4269000.0,1977.0,2026-06-05,True,True,43.8
10601,Tel Aviv,Apartment,4.5,14,89.3,4268000.0,2023.0,2024-10-16,True,True,14.6
10602,Ramat Gan,Apartment,4.0,6,96.1,3808000.0,1989.0,2026-02-01,True,False,22.6
10603,Tel Aviv,Apartment,2.5,14,80.0,3416000.0,2008.0,2025-05-25,True,False,19.3
10604,Tel Aviv,Apartment,4.5,3,77.0,2989000.0,2000.0,2026-06-30,False,True,0.0
10605,Tel Aviv,Apartment,4.5,13,64.0,2877000.0,1972.0,2024-12-26,True,True,18.0
10606,Jerusalem,Apartment,3.0,9,91.6,3017000.0,1993.0,2026-06-27,True,False,0.0
10607,Tel Aviv,Apartment,4.5,6,99.9,4048000.0,1984.0,2025-08-21,True,True,0.0
10608,Ramat Gan,Apartment,4.0,1,110.0,4151000.0,2025.0,2025-12-16,False,False,0.0
10609,Jerusalem,Apartment,3.5,1,66.0,2457000.0,1977.0,2024-08-06,True,False,19.2
10610,Haifa,Apartment,5.0,8,53.2,1357000.0,1964.0,2025-02-09,True,False,0.0
10611,Tel Aviv,Apartment,5.0,8,112.9,4619000.0,1978.0,2026-01-22,True,False,6.0
10612,Rishon LeZion,Apartment,3.5,5,110.8,3390000.0,2001.0,2026-07-11,True,True,28.7
10613,Haifa,Apartment,4.5,2,91.0,2173000.0,1977.0,2026-04-11,False,True,0.0
10614,Tel Aviv,Apartment,4.5,13,81.8,3630000.0,1991.0,2026-02-08,True,True,10.1
10615,Rishon LeZion,Penthouse,5.5,17,219.2,7932000.0,1980.0,2025-09-12,True,True,0.0
10616,Petah Tikva,Apartment,3.5,1,99.2,2740000.0,1969.0,2026-02-06,True,True,14.0
10617,Tel Aviv,Villa,5.5,0,250.3,13436000.0,1996.0,2026-03-04,False,True,0.0
10618,Ramat Gan,Apartment,3.0,4,118.2,3980000.0,2008.0,2024-08-07,True,False,23.6
10619,Rishon LeZion,Villa,7.0,0,309.2,10183000.0,1972.0,2025-08-17,False,True,0.0
10620,Haifa,Apartment,3.0,9,87.3,2011000.0,,2024-04-16,True,True,0.0
10621,Tel Aviv,Apartment,4.0,9,72.5,2958000.0,1976.0,2025-08-03,True,True,31.8
10622,Tel Aviv,Apartment,4.0,1,66.0,3327000.0,1968.0,2025-08-31,False,True,20.5
10623,Ramat Gan,Apartment,2.5,7,111.8,4117000.0,2003.0,2025-12-24,True,True,0.0
10624,Jerusalem,Apartment,4.5,13,116.8,3948000.0,2005.0,2024-10-12,True,True,8.3
10625,Haifa,Villa,5.0,0,213.6,5074000.0,1967.0,2026-01-18,False,True,47.4
10626,Ramat Gan,Apartment,3.5,3,112.0,4043000.0,1996.0,2024-01-08,False,False,27.2
10627,Jerusalem,Apartment,3.0,11,76.6,2206000.0,1978.0,2026-03-16,True,False,0.0
10628,Haifa,Apartment,5.0,8,71.2,1400000.0,2022.0,2024-07-07,True,False,0.0
10629,Tel Aviv,Apartment,2.5,3,73.7,3344000.0,2005.0,2024-03-21,True,True,0.0
10630,Ramat Gan,Apartment,4.5,5,109.1,3707000.0,,2024-04-17,True,True,0.0
10631,Haifa,Apartment,3.0,11,86.4,1996000.0,2005.0,2024-11-16,True,True,0.0
10632,Rishon LeZion,Apartment,4.0,1,99.8,2406000.0,2005.0,2025-08-01,False,True,30.4
10633,Jerusalem,Villa,5.0,0,218.0,8326000.0,1973.0,2025-11-16,False,True,8.3
10634,Jerusalem,Apartment,4.5,11,57.1,1675000.0,2022.0,2024-12-11,True,True,26.7
10635,Tel Aviv,Villa,5.5,0,347.0,21476000.0,1962.0,2026-05-12,False,False,0.0
10636,Ramat Gan,Villa,5.5,0,189.7,8114000.0,1987.0,2024-11-23,False,True,0.0
10637,Jerusalem,Apartment,4.0,8,62.0,2128000.0,1988.0,2025-07-08,True,True,19.9
10638,Tel Aviv,Villa,5.5,0,250.3,12808000.0,1977.0,2025-11-29,False,True,0.0
10639,Ramat Gan,Apartment,2.0,14,122.4,3763000.0,1994.0,2024-10-28,True,True,31.4
10640,Ramat Gan,Apartment,3.5,8,122.3,4892000.0,2006.0,2024-07-18,True,False,0.0
10641,Tel Aviv,Penthouse,5.5,20,180.1,9860000.0,1964.0,2026-06-11,True,True,22.8
10642,Ramat Gan,Cottage,4.5,0,293.4,11038000.0,2018.0,2025-02-22,False,True,8.1
10643,Tel Aviv,Cottage,5.0,0,301.5,15595000.0,2018.0,2024-02-08,False,True,0.0
10644,Ramat Gan,Apartment,2.5,7,85.2,2557000.0,2006.0,2026-01-01,True,True,0.0
10645,Tel Aviv,Apartment,3.0,3,84.4,4152000.0,1972.0,2024-11-02,True,True,34.3
10646,Rishon LeZion,Penthouse,4.5,26,183.2,6621000.0,1992.0,2024-01-04,True,False,6.3
10647,Jerusalem,Apartment,3.5,13,74.0,2245000.0,2021.0,2025-09-24,True,False,0.0
10648,Haifa,Apartment,4.0,14,96.7,1890000.0,1975.0,2026-04-27,True,False,0.0
10649,Rishon LeZion,Apartment,4.5,6,77.5,1915000.0,2003.0,2024-03-17,True,True,0.0
10650,Jerusalem,Apartment,3.5,4,58.5,2127000.0,2017.0,2025-04-12,True,True,29.8
10651,Tel Aviv,Cottage,5.5,0,289.9,15151000.0,1965.0,2024-06-27,False,True,0.0
10652,Jerusalem,Apartment,3.0,10,50.9,1530000.0,1974.0,2025-10-06,True,False,0.0
10653,Jerusalem,Penthouse,4.0,9,129.8,4769000.0,1963.0,2026-04-02,True,False,0.0
10654,Haifa,Apartment,5.0,11,67.2,1598000.0,2015.0,2026-01-10,True,False,0.0
10655,Ramat Gan,Apartment,4.0,2,52.6,1881000.0,2023.0,2024-10-02,True,True,19.7
10656,Tel Aviv,Apartment,2.5,12,119.8,5237000.0,1993.0,2024-05-31,True,True,40.2
10657,Ramat Gan,Apartment,3.0,8,125.1,4199000.0,2015.0,2024-06-12,True,True,0.0
10658,Ramat Gan,Penthouse,4.0,13,221.7,9230000.0,1991.0,2024-10-16,True,True,35.1
10659,Haifa,Apartment,2.0,2,54.2,1282000.0,1968.0,2025-01-12,True,True,0.0
10660,Jerusalem,Apartment,2.5,7,129.2,4792000.0,2022.0,2025-09-12,True,True,27.9
10661,Ramat Gan,Apartment,3.5,9,78.7,2487000.0,1992.0,2025-09-29,True,False,35.3
10662,Petah Tikva,Penthouse,4.0,21,236.5,7910000.0,1980.0,2026-01-21,True,True,31.5
10663,Haifa,Apartment,4.5,14,76.3,1678000.0,2014.0,2024-11-05,True,True,0.0
10664,Tel Aviv,Apartment,4.5,1,78.7,3485000.0,2016.0,2026-07-18,True,True,8.0
10665,Tel Aviv,Villa,5.5,0,186.5,9328000.0,1961.0,2026-07-01,False,True,0.0
10666,Tel Aviv,Apartment,4.5,6,112.5,5556000.0,1972.0,2025-01-23,True,False,30.7
10667,Tel Aviv,Apartment,5.0,8,59.5,2666000.0,1963.0,2026-05-06,True,True,0.0
10668,Tel Aviv,Villa,6.0,0,256.3,14020000.0,2009.0,2025-10-19,False,True,16.3
10669,Tel Aviv,Apartment,3.0,5,70.0,2965000.0,2007.0,2026-02-02,True,False,15.3
10670,Ramat Gan,Apartment,5.0,2,95.0,3008000.0,1989.0,2024-07-01,False,True,0.0
10671,Tel Aviv,Apartment,2.5,13,69.1,2723000.0,,2026-03-31,True,True,29.1
10672,Rishon LeZion,Apartment,2.0,11,105.5,3088000.0,1967.0,2024-11-01,True,False,31.2
10673,Tel Aviv,Apartment,3.5,4,82.3,3366000.0,1971.0,2024-03-12,True,False,0.0
10674,Jerusalem,Penthouse,4.5,12,177.0,7905000.0,2000.0,2024-08-06,True,True,22.4
10675,Ramat Gan,Cottage,7.0,0,238.8,8891000.0,1985.0,2025-12-19,False,True,46.7
10676,Petah Tikva,Apartment,4.0,6,102.7,2503000.0,2009.0,2024-06-21,True,True,34.3
10677,Tel Aviv,Apartment,2.5,14,62.5,2786000.0,1961.0,2025-10-14,True,False,46.1
10678,Ramat Gan,Penthouse,5.0,8,141.9,6200000.0,2014.0,2024-09-28,True,True,42.5
10679,Petah Tikva,Cottage,5.5,0,196.3,4751000.0,2015.0,2025-12-26,False,False,35.9
10680,Rishon LeZion,Apartment,3.0,11,75.0,1945000.0,1973.0,2025-04-12,True,False,0.0
10681,Rishon LeZion,Penthouse,6.0,11,239.1,8968000.0,1965.0,2024-09-25,True,False,15.8
10682,Ramat Gan,Apartment,3.0,9,57.3,2105000.0,2020.0,2024-01-20,True,True,0.0
10683,Tel Aviv,Apartment,4.0,2,84.3,3550000.0,1971.0,2025-07-31,True,True,47.8
10684,Haifa,Apartment,4.5,11,102.6,2281000.0,1972.0,2026-03-25,True,True,
10685,Petah Tikva,Apartment,4.5,8,84.5,1918000.0,1978.0,2025-05-17,True,False,37.6
10686,Jerusalem,Apartment,3.5,7,84.7,2514000.0,2003.0,2024-05-26,True,True,0.0
10687,Jerusalem,Apartment,3.5,10,74.7,2080000.0,2018.0,2025-03-04,True,True,0.0
10688,Ramat Gan,Apartment,2.0,8,71.8,2812000.0,1996.0,2024-06-13,True,True,0.0
10689,Rishon LeZion,Apartment,4.0,1,75.9,1906000.0,1984.0,2026-06-08,True,True,33.3
10690,Tel Aviv,Apartment,3.0,3,103.7,4285000.0,1975.0,2024-11-05,False,True,0.0
10691,Ramat Gan,Penthouse,4.5,26,169.7,7211000.0,1997.0,2025-06-01,True,True,0.0
10692,Ramat Gan,Apartment,5.0,13,52.1,1620000.0,2002.0,2024-01-14,True,True,6.7
10693,Jerusalem,Apartment,3.5,7,84.5,2861000.0,1973.0,2024-05-11,True,True,24.5
10694,Tel Aviv,Apartment,2.5,9,99.8,3919000.0,1965.0,2026-05-03,True,True,35.3
10695,Tel Aviv,Apartment,3.5,4,83.4,3341000.0,,2026-01-24,True,False,0.0
10696,Haifa,Apartment,3.5,13,85.4,2005000.0,2019.0,2025-03-14,True,False,44.3
10697,Ramat Gan,Apartment,2.5,10,81.4,2712000.0,1971.0,2026-01-12,True,True,0.0
10698,Jerusalem,Apartment,2.0,9,62.8,2168000.0,1972.0,2026-01-09,True,True,11.0
10699,Tel Aviv,Apartment,2.5,10,51.9,2376000.0,1965.0,2025-11-04,True,False,41.5
10700,Jerusalem,Penthouse,4.5,17,154.4,6046000.0,2022.0,2026-03-05,True,True,35.3
10701,Jerusalem,Apartment,5.0,2,83.6,2840000.0,1997.0,2024-09-19,False,True,15.9
10702,Tel Aviv,Apartment,3.5,11,50.8,2023000.0,2009.0,2025-10-04,True,True,29.1
10703,Ramat Gan,Cottage,6.0,0,339.4,13210000.0,2011.0,2024-08-12,False,True,23.1
10704,Tel Aviv,Apartment,3.0,11,53.2,2349000.0,,2024-09-14,True,True,0.0
10705,Tel Aviv,Apartment,3.5,13,50.5,2114000.0,1967.0,2024-08-21,True,False,32.3
10706,Petah Tikva,Apartment,4.0,11,71.7,1848000.0,2020.0,2024-12-01,True,False,12.1
10707,Ramat Gan,Villa,5.0,0,260.0,12136000.0,1967.0,2025-02-12,False,True,27.6
10708,Rishon LeZion,Apartment,3.0,12,63.1,1995000.0,1993.0,2026-04-07,True,True,43.8
10709,Ramat Gan,Apartment,2.5,1,115.4,4170000.0,2019.0,2024-01-24,False,True,35.2
10710,Haifa,Villa,4.5,0,240.0,6295000.0,2016.0,2024-09-27,False,True,42.9
10711,Rishon LeZion,Apartment,3.0,12,72.4,1827000.0,2005.0,2024-04-04,True,True,16.3
10712,Jerusalem,Apartment,2.0,7,89.4,2694000.0,1981.0,2024-05-21,True,True,45.0
10713,Jerusalem,Apartment,3.5,3,105.5,3408000.0,1999.0,2025-11-24,False,False,0.0
10714,Ramat Gan,Apartment,3.5,13,114.4,3845000.0,2004.0,2025-12-18,True,True,37.8
10715,Ramat Gan,Apartment,3.5,4,108.7,4277000.0,2014.0,2026-06-20,True,False,20.6
10716,Petah Tikva,Apartment,3.0,2,104.4,2507000.0,2010.0,2024-03-21,True,True,44.9
10717,Rishon LeZion,Apartment,4.0,4,77.0,2037000.0,1964.0,2024-09-30,True,True,33.7
10718,Petah Tikva,Penthouse,5.5,15,153.8,4824000.0,1972.0,2024-10-02,True,True,0.0
10719,Tel Aviv,Cottage,6.5,0,209.5,11418000.0,1987.0,2026-06-01,False,True,21.2
10720,Haifa,Apartment,4.0,3,120.0,2822000.0,2021.0,2025-04-09,False,False,11.6
10721,Petah Tikva,Apartment,4.0,4,115.9,2997000.0,1983.0,2024-07-26,True,True,0.0
10722,Tel Aviv,Apartment,4.0,4,92.8,3968000.0,1966.0,2024-10-22,True,True,
10723,Tel Aviv,Apartment,3.0,4,56.5,2785000.0,1997.0,2024-02-08,True,True,0.0
10724,Haifa,Villa,4.5,0,347.7,8088000.0,1996.0,2024-10-14,False,True,0.0
10725,Jerusalem,Villa,6.5,0,281.9,12217000.0,2001.0,2024-05-03,False,True,29.6
10726,Rishon LeZion,Apartment,4.0,13,128.8,3556000.0,1964.0,2026-05-25,True,True,42.9
10727,Tel Aviv,Apartment,3.0,11,84.2,3673000.0,2023.0,2024-10-09,True,False,12.7
10728,Rishon LeZion,Apartment,3.5,1,101.6,2792000.0,2009.0,2026-05-27,False,False,19.2
10729,Tel Aviv,Apartment,3.0,11,60.3,2850000.0,1974.0,2024-06-28,True,True,45.0
10730,Tel Aviv,Apartment,2.0,7,115.5,4438000.0,2012.0,2024-04-06,True,True,30.2
10731,Tel Aviv,Apartment,3.5,1,65.6,3281000.0,1984.0,2024-07-09,True,True,0.0
10732,Rishon LeZion,Apartment,4.5,5,70.2,1900000.0,1968.0,2024-03-14,True,True,26.5
10733,Haifa,Cottage,4.5,0,175.2,4132000.0,1997.0,2025-03-22,False,False,0.0
10734,Jerusalem,Villa,6.0,0,319.4,11105000.0,1981.0,2026-02-23,False,False,0.0
10735,Ramat Gan,Apartment,4.5,10,125.5,4313000.0,2008.0,2025-05-11,True,True,0.0
10736,Rishon LeZion,Apartment,3.5,2,84.3,2316000.0,1974.0,2025-07-14,False,True,49.9
10737,Ramat Gan,Apartment,2.0,9,87.1,2960000.0,2024.0,2025-04-28,True,False,30.5
10738,Rishon LeZion,Villa,5.0,0,282.2,9812000.0,2013.0,2026-04-28,False,False,0.0
10739,Ramat Gan,Apartment,4.0,5,67.0,2289000.0,1989.0,2025-12-22,True,True,0.0
10740,Ramat Gan,Apartment,2.0,2,108.7,4331000.0,,2024-04-25,False,True,0.0
10741,Jerusalem,Apartment,4.0,10,82.9,2774000.0,1992.0,2025-06-18,True,True,0.0
10742,Ramat Gan,Apartment,2.0,10,56.5,2160000.0,1966.0,2024-04-07,True,False,43.8
10743,Haifa,Apartment,3.5,4,112.2,2229000.0,1967.0,2024-11-23,True,True,13.9
10744,Jerusalem,Apartment,2.5,4,73.7,2321000.0,1987.0,2026-06-27,True,False,46.4
10745,Tel Aviv,Apartment,3.0,14,114.5,4900000.0,2004.0,2025-02-10,True,True,0.0
10746,Rishon LeZion,Apartment,3.5,4,90.0,2527000.0,1970.0,2024-11-08,True,True,38.4
10747,Ramat Gan,Apartment,4.5,14,60.2,2335000.0,1990.0,2025-12-02,True,True,0.0
10748,Jerusalem,Penthouse,4.5,16,230.7,8514000.0,1971.0,2025-11-24,True,False,0.0
10749,Petah Tikva,Villa,6.0,0,307.0,8029000.0,2010.0,2024-05-27,False,True,0.0
10750,Haifa,Villa,6.0,0,211.6,6314000.0,2003.0,2024-12-07,False,False,48.1
10751,Tel Aviv,Penthouse,6.0,24,158.5,8473000.0,2009.0,2025-05-09,True,True,39.6
10752,Petah Tikva,Apartment,2.0,11,123.9,3254000.0,1976.0,2024-01-23,True,False,0.0
10753,Haifa,Apartment,4.0,3,51.3,1169000.0,1994.0,2024-04-14,True,False,49.6
10754,Ramat Gan,Apartment,4.0,1,94.5,3638000.0,1960.0,2025-11-05,True,True,16.9
10755,Tel Aviv,Apartment,5.0,12,86.9,3471000.0,1988.0,2025-08-01,True,False,7.8
10756,Rishon LeZion,Apartment,2.5,5,82.2,2009000.0,2010.0,2026-03-12,True,True,6.4
10757,Haifa,Apartment,3.0,11,121.3,2776000.0,2023.0,2026-03-11,True,True,37.0
10758,Jerusalem,Apartment,3.0,3,70.4,2594000.0,1963.0,2025-07-11,False,True,0.0
10759,Rishon LeZion,Apartment,4.5,7,121.6,3259000.0,1987.0,2025-08-15,True,False,0.0
10760,Rishon LeZion,Penthouse,5.0,9,131.1,4443000.0,1975.0,2026-07-29,True,False,0.0
10761,Tel Aviv,Apartment,4.0,6,129.1,5995000.0,2022.0,2025-10-20,True,True,36.4
10762,Ramat Gan,Apartment,2.5,8,75.2,2972000.0,,2024-08-09,True,False,0.0
10763,Tel Aviv,Apartment,4.5,11,128.1,6347000.0,1976.0,2026-05-04,True,True,0.0
10764,Haifa,Apartment,4.5,6,129.6,3349000.0,1999.0,2024-01-15,True,False,0.0
10765,Tel Aviv,Apartment,3.0,1,88.1,3397000.0,1972.0,2026-06-09,False,True,0.0
10766,Jerusalem,Apartment,4.0,2,104.6,3005000.0,2011.0,2025-09-24,False,True,0.0
10767,Rishon LeZion,Apartment,3.0,3,109.1,3099000.0,2017.0,2024-03-18,True,True,19.1
10768,Rishon LeZion,Apartment,4.0,12,106.0,3195000.0,1996.0,2024-11-17,True,True,0.0
10769,Ramat Gan,Apartment,3.5,4,129.6,4244000.0,2020.0,2026-03-17,True,True,34.1
10770,Rishon LeZion,Apartment,2.5,11,52.1,1321000.0,1993.0,2024-08-28,True,True,15.4
10771,Tel Aviv,Apartment,3.5,4,113.7,5557000.0,1976.0,2024-01-18,True,True,0.0
10772,Rishon LeZion,Apartment,2.5,8,127.1,3030000.0,1979.0,2026-02-06,True,False,23.3
10773,Tel Aviv,Apartment,3.0,10,72.2,3122000.0,2018.0,2025-03-29,True,True,
10774,Ramat Gan,Apartment,2.0,8,58.4,2048000.0,1992.0,2025-03-18,True,False,0.0
10775,Rishon LeZion,Apartment,2.5,7,101.0,2828000.0,1976.0,2026-07-16,True,True,0.0
10776,Tel Aviv,Penthouse,5.0,10,155.3,9708000.0,2016.0,2024-10-03,True,True,45.7
10777,Tel Aviv,Apartment,3.0,4,99.1,4265000.0,1960.0,2025-02-27,True,True,0.0
10778,Haifa,Cottage,6.5,0,266.6,6821000.0,1972.0,2025-04-20,False,False,8.9
10779,Haifa,Apartment,2.0,8,122.6,2829000.0,1986.0,2024-01-27,True,False,7.5
10780,Haifa,Villa,6.0,0,304.1,8328000.0,2018.0,2025-05-28,False,True,44.5
10781,Haifa,Apartment,4.5,3,51.7,1212000.0,1965.0,2026-05-14,True,True,48.8
10782,Jerusalem,Apartment,5.0,9,116.7,3519000.0,1982.0,2025-04-08,True,True,18.6
10783,Ramat Gan,Apartment,4.0,4,81.7,2503000.0,1969.0,2026-03-17,True,True,36.2
10784,Ramat Gan,Apartment,3.0,14,79.6,2468000.0,2010.0,2026-04-03,True,False,0.0
10785,Tel Aviv,Apartment,2.5,13,96.8,3996000.0,1978.0,2024-12-28,True,True,0.0
10786,Petah Tikva,Villa,5.0,0,162.4,4872000.0,2010.0,2025-01-17,False,True,0.0
10787,Jerusalem,Apartment,2.5,4,54.9,1966000.0,2001.0,2026-01-20,True,False,0.0
10788,Ramat Gan,Apartment,3.5,3,78.4,2910000.0,2016.0,2025-06-08,False,False,26.1
10789,Jerusalem,Apartment,4.5,14,83.2,2938000.0,1997.0,2025-01-16,True,True,0.0
10790,Petah Tikva,Apartment,3.5,5,101.9,2434000.0,,2024-07-02,True,True,0.0
10791,Tel Aviv,Apartment,3.0,7,108.4,4738000.0,1966.0,2024-07-12,True,True,25.4
10792,Jerusalem,Apartment,2.5,1,88.2,2775000.0,2009.0,2025-04-06,True,True,33.4
10793,Jerusalem,Apartment,2.5,13,119.5,3525000.0,,2024-02-25,True,True,0.0
10794,Haifa,Apartment,3.0,12,63.0,1231000.0,1985.0,2024-08-17,True,False,0.0
10795,Tel Aviv,Apartment,4.0,11,67.2,3106000.0,1985.0,2025-05-03,True,False,0.0
10796,Rishon LeZion,Apartment,4.5,2,96.2,3034000.0,1978.0,2024-01-28,False,True,12.8
10797,Petah Tikva,Apartment,3.0,3,92.4,2079000.0,1968.0,2026-04-11,True,True,6.4
10798,Jerusalem,Apartment,2.5,14,63.8,1792000.0,2020.0,2025-08-05,True,True,25.3
10799,Haifa,Cottage,5.5,0,324.0,8691000.0,1979.0,2025-12-22,False,True,0.0
10800,Petah Tikva,Apartment,2.0,5,125.2,2898000.0,2009.0,2024-07-02,True,True,11.8
10801,Haifa,Apartment,3.5,7,66.1,1634000.0,1981.0,2025-02-28,True,True,5.6
10802,Tel Aviv,Apartment,4.0,2,116.3,5554000.0,1972.0,2025-01-09,True,True,9.9
10803,Jerusalem,Apartment,2.5,5,104.3,3843000.0,1971.0,2026-05-17,True,True,0.0
10804,Haifa,Apartment,5.0,10,64.2,1405000.0,1969.0,2024-02-10,True,True,31.1
10805,Ramat Gan,Apartment,4.5,8,87.6,3215000.0,2024.0,2025-04-28,True,True,13.7
10806,Haifa,Apartment,5.0,14,103.8,2311000.0,1989.0,2024-09-16,True,True,0.0
10807,Petah Tikva,Apartment,4.5,5,99.4,2582000.0,1967.0,2025-03-16,True,True,0.0
10808,Petah Tikva,Apartment,2.5,6,115.2,2836000.0,1980.0,2026-07-14,True,True,36.3
10809,Jerusalem,Apartment,3.0,14,98.8,2911000.0,1981.0,2026-05-05,True,True,26.9
10810,Tel Aviv,Apartment,2.0,12,98.0,4420000.0,1977.0,2024-03-24,True,True,0.0
10811,Petah Tikva,Villa,5.0,0,193.3,5849000.0,2025.0,2024-02-15,False,False,21.9
10812,Rishon LeZion,Apartment,2.5,11,85.3,2564000.0,2007.0,2025-03-15,True,True,0.0
10813,Tel Aviv,Apartment,3.0,4,114.0,5492000.0,2003.0,2025-11-01,True,True,
10814,Petah Tikva,Apartment,5.0,12,87.3,2290000.0,1968.0,2026-05-05,True,True,35.7
10815,Rishon LeZion,Apartment,3.0,5,126.6,3078000.0,2013.0,2025-06-02,True,True,0.0
10816,Jerusalem,Apartment,3.0,12,51.1,1771000.0,1985.0,2026-04-24,True,False,0.0
10817,Jerusalem,Apartment,2.5,10,54.8,1781000.0,1985.0,2025-03-13,True,False,17.5
10818,Ramat Gan,Apartment,3.0,10,117.0,4579000.0,1993.0,2024-05-15,True,True,13.1
10819,Tel Aviv,Apartment,2.0,10,85.3,4322000.0,1967.0,2024-07-01,True,True,0.0
10820,Ramat Gan,Apartment,4.0,3,69.5,2108000.0,1969.0,2025-12-09,False,True,12.6
10821,Rishon LeZion,Apartment,3.0,12,90.9,2740000.0,2007.0,2024-06-20,True,True,0.0
10822,Tel Aviv,Apartment,3.0,8,65.5,2539000.0,2014.0,2026-06-27,True,True,0.0
10823,Ramat Gan,Apartment,2.0,3,55.7,1872000.0,2013.0,2026-05-10,False,True,44.0
10824,Ramat Gan,Apartment,5.0,13,66.1,2343000.0,1999.0,2026-02-26,True,True,0.0
10825,Jerusalem,Apartment,2.0,5,57.8,1680000.0,1974.0,2025-08-12,True,True,0.0
10826,Petah Tikva,Apartment,4.5,9,92.0,2470000.0,1977.0,2026-07-16,True,False,14.5
10827,Ramat Gan,Apartment,5.0,10,117.4,3503000.0,1982.0,2025-11-20,True,True,30.0
10828,Ramat Gan,Apartment,5.0,9,128.7,4057000.0,2021.0,2025-06-22,True,True,0.0
10829,Haifa,Apartment,3.5,14,69.7,1606000.0,2005.0,2024-04-29,True,True,25.1
10830,Jerusalem,Apartment,4.0,11,108.3,3746000.0,1998.0,2024-10-07,True,True,30.6
10831,Tel Aviv,Apartment,3.0,14,94.4,4779000.0,1974.0,2024-11-03,True,False,0.0
10832,Jerusalem,Apartment,2.5,12,54.4,1877000.0,2012.0,2025-12-08,True,True,0.0
10833,Tel Aviv,Apartment,3.0,9,51.9,2456000.0,2023.0,2024-10-03,True,False,0.0
10834,Tel Aviv,Apartment,5.0,14,53.3,2322000.0,2022.0,2025-06-13,True,True,34.5
10835,Jerusalem,Villa,5.5,0,342.6,11362000.0,1975.0,2024-10-21,False,False,27.0
10836,Ramat Gan,Apartment,2.5,13,57.8,1792000.0,2025.0,2026-02-21,True,False,11.2
10837,Petah Tikva,Apartment,4.0,2,93.8,2369000.0,1972.0,2024-02-22,True,True,0.0
10838,Ramat Gan,Apartment,2.0,12,72.4,2667000.0,2006.0,2026-03-16,True,True,0.0
10839,Jerusalem,Apartment,4.5,11,76.0,2409000.0,1968.0,2025-03-07,True,False,43.5
10840,Haifa,Apartment,4.5,14,68.0,1636000.0,2022.0,2024-02-21,True,True,43.0
10841,Tel Aviv,Apartment,4.0,3,99.0,4484000.0,1993.0,2025-12-28,False,True,0.0
10842,Haifa,Apartment,3.0,3,108.5,2129000.0,1988.0,2024-03-12,True,True,49.7
10843,Tel Aviv,Apartment,3.0,11,91.8,3749000.0,1996.0,2024-01-28,True,True,23.0
10844,Petah Tikva,Apartment,2.0,14,105.4,2904000.0,2002.0,2025-04-13,True,True,0.0
10845,Tel Aviv,Apartment,3.5,3,104.1,5001000.0,,2026-06-30,True,True,41.5
10846,Ramat Gan,Apartment,5.0,12,60.8,2380000.0,1983.0,2026-02-02,True,True,0.0
10847,Tel Aviv,Apartment,5.0,12,50.9,2028000.0,1993.0,2026-06-04,True,True,0.0
10848,Petah Tikva,Apartment,4.5,6,122.6,3516000.0,2007.0,2026-06-30,True,False,10.8
10849,Jerusalem,Villa,4.5,0,221.1,7871000.0,1971.0,2025-06-30,False,True,
10850,Jerusalem,Apartment,4.0,11,97.1,2694000.0,1982.0,2025-02-04,True,False,30.1
10851,Tel Aviv,Villa,5.0,0,198.8,12337000.0,1972.0,2024-07-19,False,False,0.0
10852,Haifa,Apartment,3.5,7,95.6,2010000.0,2004.0,2026-01-30,True,False,8.1
10853,Tel Aviv,Apartment,4.5,3,70.4,3328000.0,2024.0,2025-09-02,False,False,0.0
10854,Rishon LeZion,Apartment,4.0,4,76.4,1897000.0,2006.0,2026-03-30,True,False,0.0
10855,Tel Aviv,Apartment,4.5,9,108.8,5014000.0,2017.0,2025-04-10,True,False,0.0
10856,Tel Aviv,Apartment,3.5,13,75.4,3804000.0,1964.0,2025-10-13,True,True,46.5
10857,Tel Aviv,Villa,4.0,0,288.8,14754000.0,1964.0,2025-08-17,False,True,0.0
10858,Jerusalem,Apartment,2.0,10,89.7,3064000.0,2019.0,2025-07-13,True,False,0.0
10859,Jerusalem,Apartment,2.5,6,75.5,2224000.0,1980.0,2026-02-28,True,True,9.9
10860,Tel Aviv,Apartment,2.5,3,87.7,4094000.0,1983.0,2025-01-13,False,False,19.3
10861,Rishon LeZion,Apartment,4.0,2,78.9,2063000.0,1977.0,2026-01-29,True,False,12.9
10862,Jerusalem,Apartment,4.5,3,65.7,1950000.0,1980.0,2026-06-13,False,True,23.4
10863,Jerusalem,Apartment,2.5,12,97.0,2976000.0,,2024-06-25,True,False,0.0
10864,Ramat Gan,Apartment,4.5,13,84.4,2669000.0,1969.0,2024-02-21,True,True,24.8
10865,Ramat Gan,Apartment,3.0,3,76.2,2989000.0,1983.0,2024-03-19,True,True,0.0
10866,Jerusalem,Apartment,4.5,12,80.8,2545000.0,,2025-01-19,True,True,0.0
10867,Tel Aviv,Apartment,4.0,13,84.1,3495000.0,2016.0,2026-04-13,True,True,0.0
10868,Tel Aviv,Apartment,2.5,11,63.7,2822000.0,1982.0,2025-07-29,True,True,0.0
10869,Rishon LeZion,Apartment,3.5,4,51.2,1332000.0,,2024-01-08,True,True,14.3
10870,Petah Tikva,Apartment,4.0,4,103.5,2777000.0,1993.0,2024-08-01,True,True,0.0
10871,Ramat Gan,Apartment,3.0,4,76.6,3060000.0,1987.0,2024-01-25,True,False,38.4
10872,Ramat Gan,Apartment,3.5,5,95.2,3270000.0,1998.0,2025-03-25,True,True,27.4
10873,Haifa,Apartment,4.5,2,51.5,1284000.0,,2026-02-06,True,True,45.4
10874,Ramat Gan,Apartment,3.0,13,120.4,4297000.0,1982.0,2026-01-24,True,True,0.0
10875,Tel Aviv,Apartment,2.0,14,61.0,2463000.0,1961.0,2025-04-01,True,False,0.0
10876,Tel Aviv,Apartment,2.5,5,118.7,5647000.0,1983.0,2025-04-05,True,False,34.3
10877,Haifa,Apartment,3.0,12,122.9,2776000.0,,2024-07-16,True,True,34.8
10878,Haifa,Apartment,3.0,7,82.9,1950000.0,2024.0,2024-04-03,True,True,0.0
10879,Tel Aviv,Apartment,4.5,8,56.7,2850000.0,2019.0,2025-12-19,True,False,19.3
10880,Tel Aviv,Apartment,4.5,10,111.3,4919000.0,2009.0,2025-03-12,True,True,47.0
10881,Tel Aviv,Apartment,3.0,2,54.4,2743000.0,1971.0,2025-06-10,True,True,0.0
10882,Haifa,Apartment,4.0,9,96.0,2322000.0,2006.0,2025-11-20,True,True,10.2
10883,Tel Aviv,Apartment,3.0,6,61.8,2771000.0,2024.0,2025-01-12,True,True,10.4
10884,Tel Aviv,Apartment,4.0,4,68.6,3183000.0,1986.0,2025-08-09,True,False,46.5
10885,Rishon LeZion,Apartment,3.5,3,123.7,3224000.0,2007.0,2024-04-13,False,True,8.7
10886,Tel Aviv,Penthouse,4.5,13,217.7,14583000.0,2021.0,2026-03-16,True,True,36.0
10887,Haifa,Cottage,6.5,0,186.6,4850000.0,2003.0,2025-11-10,False,True,15.2
10888,Tel Aviv,Villa,5.0,0,217.8,10152000.0,1978.0,2025-09-18,False,False,6.6
10889,Tel Aviv,Apartment,2.5,6,69.9,2982000.0,2018.0,2024-02-08,True,False,7.7
10890,Tel Aviv,Apartment,3.5,4,93.7,4372000.0,1967.0,2025-04-02,True,False,0.0
10891,Haifa,Villa,6.5,0,307.0,7186000.0,2014.0,2024-12-29,False,True,0.0
10892,Rishon LeZion,Apartment,4.0,6,125.6,2961000.0,2006.0,2026-02-23,True,True,31.8
10893,Rishon LeZion,Apartment,2.0,9,103.5,2804000.0,1961.0,2024-05-14,True,False,0.0
10894,Ramat Gan,Apartment,3.0,3,55.1,1832000.0,1998.0,2025-01-08,True,True,21.8
10895,Haifa,Apartment,2.5,13,126.2,2787000.0,2004.0,2024-08-19,True,False,38.4
10896,Tel Aviv,Apartment,2.5,8,125.5,5245000.0,,2024-02-08,True,True,27.1
10897,Ramat Gan,Cottage,5.0,0,306.6,10617000.0,2024.0,2026-03-13,False,True,24.4
10898,Rishon LeZion,Penthouse,5.5,17,216.5,8179000.0,1997.0,2026-03-29,True,True,0.0
10899,Tel Aviv,Apartment,4.0,4,101.1,4569000.0,1970.0,2024-02-16,True,False,24.4
10900,Tel Aviv,Apartment,4.0,7,88.0,3604000.0,1969.0,2024-02-05,True,False,48.6
10901,Tel Aviv,Penthouse,4.5,16,226.7,12544000.0,2018.0,2026-04-11,True,True,0.0
10902,Tel Aviv,Apartment,2.5,1,107.6,4975000.0,2014.0,2024-04-04,False,True,19.2
10903,Tel Aviv,Apartment,3.5,1,116.3,4562000.0,1979.0,2024-12-26,True,False,38.0
10904,Jerusalem,Penthouse,6.0,24,172.3,6510000.0,1976.0,2025-06-08,True,True,19.9
10905,Ramat Gan,Apartment,5.0,13,61.4,1874000.0,1964.0,2024-05-25,True,False,10.7
10906,Rishon LeZion,Apartment,2.5,4,82.6,2484000.0,2019.0,2026-07-05,True,True,26.4
10907,Rishon LeZion,Cottage,4.0,0,342.3,11139000.0,1982.0,2025-01-02,False,True,38.8
10908,Ramat Gan,Apartment,2.5,4,105.6,3977000.0,2005.0,2024-03-05,True,True,22.0
10909,Ramat Gan,Apartment,3.0,13,112.0,4174000.0,2011.0,2024-08-15,True,True,44.1
10910,Ramat Gan,Apartment,4.5,14,67.7,2490000.0,1969.0,2026-01-23,True,True,0.0
10911,Jerusalem,Apartment,3.5,12,63.7,2056000.0,2005.0,2025-06-03,True,True,0.0
10912,Ramat Gan,Apartment,4.5,7,90.4,3299000.0,1987.0,2026-03-26,True,True,0.0
10913,Haifa,Apartment,2.0,6,81.7,1584000.0,2002.0,2026-05-02,True,True,0.0
10914,Ramat Gan,Apartment,4.0,5,97.6,3540000.0,1985.0,2025-07-08,True,True,0.0
10915,Jerusalem,Apartment,3.0,5,115.4,4063000.0,2014.0,2026-01-25,True,False,
10916,Ramat Gan,Cottage,6.5,0,284.7,10962000.0,2007.0,2024-06-29,False,True,0.0
10917,Ramat Gan,Apartment,2.0,10,124.5,4171000.0,1988.0,2025-05-15,True,True,8.8
10918,Petah Tikva,Apartment,4.0,14,129.7,3026000.0,1986.0,2025-08-19,True,True,0.0
10919,Rishon LeZion,Apartment,2.0,4,80.1,2297000.0,1977.0,2024-06-03,True,True,39.5
10920,Tel Aviv,Apartment,3.5,9,67.6,3218000.0,2019.0,2026-02-25,True,False,0.0
10921,Rishon LeZion,Apartment,3.5,4,72.5,2216000.0,1980.0,2025-06-18,True,True,30.2
10922,Jerusalem,Penthouse,5.5,10,233.9,9415000.0,1983.0,2025-09-18,True,False,0.0
10923,Rishon LeZion,Apartment,4.0,1,74.6,2218000.0,1962.0,2026-03-28,True,True,17.7
10924,Rishon LeZion,Apartment,3.0,11,99.7,2792000.0,2021.0,2025-03-10,True,True,28.5
10925,Ramat Gan,Apartment,4.0,9,123.4,4815000.0,1961.0,2026-03-21,True,True,17.5
10926,Tel Aviv,Apartment,2.0,2,65.2,2958000.0,2025.0,2024-04-08,True,False,14.5
10927,Ramat Gan,Apartment,2.0,13,86.2,3033000.0,2001.0,2025-09-07,True,False,8.9
10928,Jerusalem,Apartment,4.0,11,90.7,3017000.0,1993.0,2025-01-06,True,True,12.0
10929,Haifa,Cottage,6.5,0,152.0,4043000.0,2001.0,2025-07-16,False,False,39.6
10930,Ramat Gan,Apartment,2.0,10,114.6,4570000.0,1979.0,2024-12-27,True,True,37.3
10931,Tel Aviv,Apartment,4.5,7,69.9,2743000.0,2004.0,2024-04-21,True,False,0.0
10932,Rishon LeZion,Apartment,3.0,14,119.0,2834000.0,2001.0,2025-03-28,True,True,14.1
10933,Petah Tikva,Apartment,3.0,10,50.6,1431000.0,2006.0,2026-01-25,True,True,30.2
10934,Jerusalem,Apartment,2.5,3,51.5,1689000.0,1964.0,2024-06-17,False,True,0.0
10935,Tel Aviv,Villa,4.0,0,348.4,19462000.0,2008.0,2025-08-06,False,False,42.0
10936,Ramat Gan,Villa,4.5,0,257.5,10758000.0,,2024-05-18,False,False,40.3
10937,Tel Aviv,Apartment,3.5,6,73.3,2896000.0,1993.0,2026-04-27,True,False,45.1
10938,Petah Tikva,Apartment,3.5,14,128.2,3463000.0,1977.0,2024-08-18,True,False,0.0
10939,Tel Aviv,Penthouse,4.5,23,133.9,8414000.0,1978.0,2024-08-26,True,True,20.8
10940,Jerusalem,Villa,4.0,0,209.5,7709000.0,1999.0,2024-09-09,False,False,32.3
10941,Ramat Gan,Apartment,4.0,14,117.5,3873000.0,1976.0,2025-03-11,True,False,0.0
10942,Jerusalem,Villa,6.0,0,206.7,8878000.0,2019.0,2026-07-07,False,True,5.4
10943,Haifa,Apartment,4.5,2,65.2,1279000.0,2001.0,2025-07-14,False,True,0.0
10944,Rishon LeZion,Penthouse,4.0,10,244.2,9728000.0,2024.0,2025-02-25,True,True,23.3
10945,Tel Aviv,Apartment,2.5,5,85.2,3554000.0,2012.0,2024-10-29,True,False,15.3
10946,Tel Aviv,Apartment,3.5,10,111.6,5162000.0,1966.0,2024-03-12,True,False,0.0
10947,Tel Aviv,Villa,6.5,0,313.9,19168000.0,1964.0,2024-09-19,False,False,32.7
10948,Petah Tikva,Cottage,4.5,0,206.8,5991000.0,1983.0,2026-04-13,False,False,0.0
10949,Rishon LeZion,Apartment,5.0,14,110.4,2958000.0,1987.0,2024-08-09,True,False,0.0
10950,Jerusalem,Apartment,4.0,3,65.5,2250000.0,2021.0,2024-03-17,False,False,29.6
10951,Haifa,Apartment,4.5,12,109.2,2342000.0,1976.0,2024-03-02,True,False,0.0
10952,Haifa,Apartment,2.5,6,82.1,1724000.0,1979.0,2025-04-15,True,True,47.0
10953,Tel Aviv,Apartment,3.0,6,53.2,2751000.0,1962.0,2024-06-05,True,True,0.0
10954,Petah Tikva,Apartment,3.0,7,127.6,3430000.0,1996.0,2026-03-16,True,True,44.5
10955,Ramat Gan,Apartment,2.5,4,81.4,2973000.0,1974.0,2024-05-04,True,False,17.7
10956,Ramat Gan,Villa,4.5,0,302.7,12161000.0,2010.0,2026-01-10,False,True,41.3
10957,Jerusalem,Apartment,4.0,7,88.2,2479000.0,2007.0,2026-05-01,True,True,14.4
10958,Tel Aviv,Apartment,4.0,3,65.4,2529000.0,1967.0,2024-06-09,True,True,18.2
10959,Tel Aviv,Apartment,3.5,9,109.7,5017000.0,1972.0,2025-06-24,True,True,0.0
10960,Haifa,Penthouse,6.0,22,226.6,7149000.0,2007.0,2025-09-17,True,True,0.0
10961,Tel Aviv,Apartment,4.0,4,78.5,3572000.0,1962.0,2025-08-13,True,True,42.6
10962,Haifa,Apartment,4.0,2,94.2,2336000.0,2024.0,2025-06-18,True,True,33.8
10963,Tel Aviv,Apartment,2.5,1,69.0,2670000.0,1990.0,2024-04-15,True,True,0.0
10964,Ramat Gan,Apartment,4.0,12,105.7,3552000.0,1985.0,2024-05-10,True,True,48.7
10965,Ramat Gan,Apartment,4.0,11,65.5,2112000.0,2015.0,2024-12-22,True,True,25.9
10966,Ramat Gan,Apartment,2.5,10,58.8,2025000.0,1993.0,2025-11-15,True,True,48.6
10967,Haifa,Cottage,5.0,0,286.8,6188000.0,1968.0,2026-02-14,False,True,13.8
10968,Ramat Gan,Apartment,3.0,10,54.5,2167000.0,2021.0,2026-05-03,True,True,45.7
10969,Jerusalem,Apartment,2.5,11,66.2,1973000.0,1972.0,2026-06-03,True,True,0.0
10970,Jerusalem,Apartment,3.0,14,57.2,2095000.0,,2026-03-07,True,False,0.0
10971,Haifa,Villa,4.0,0,246.8,6515000.0,1960.0,2024-01-02,False,True,24.0
10972,Petah Tikva,Apartment,3.0,9,58.9,1687000.0,2006.0,2024-08-20,True,True,0.0
10973,Haifa,Apartment,2.5,14,109.3,2499000.0,1963.0,2025-01-03,True,True,29.9
10974,Tel Aviv,Apartment,3.0,7,56.5,2871000.0,2022.0,2024-09-07,True,True,22.5
10975,Tel Aviv,Cottage,6.0,0,210.3,8865000.0,2011.0,2026-04-12,False,True,49.9
10976,Ramat Gan,Apartment,3.0,1,110.8,4167000.0,1969.0,2024-04-17,True,True,48.9
10977,Jerusalem,Apartment,3.5,2,96.7,3523000.0,1987.0,2024-10-02,True,True,48.3
10978,Tel Aviv,Apartment,2.0,12,70.6,2834000.0,1965.0,2024-06-28,True,True,49.1
10979,Jerusalem,Apartment,4.5,5,57.0,1628000.0,1986.0,2025-12-25,True,True,40.7
10980,Jerusalem,Apartment,3.0,10,126.9,4031000.0,1971.0,2024-10-19,True,False,49.5
10981,Ramat Gan,Apartment,2.5,5,123.4,4881000.0,2021.0,2025-08-06,True,True,0.0
10982,Rishon LeZion,Apartment,4.5,12,114.9,3200000.0,2011.0,2026-03-05,True,False,0.0
10983,Tel Aviv,Apartment,4.5,11,116.6,5290000.0,2007.0,2024-06-23,True,True,40.3
10984,Tel Aviv,Villa,6.5,0,270.3,13025000.0,2005.0,2024-05-02,False,True,0.0
10985,Haifa,Apartment,4.5,4,117.6,2250000.0,1974.0,2024-08-14,True,True,0.0
10986,Jerusalem,Apartment,2.0,1,55.0,1954000.0,1995.0,2026-06-20,False,False,0.0
10987,Haifa,Apartment,4.0,8,78.6,1550000.0,1973.0,2025-03-19,True,True,8.0
10988,Ramat Gan,Apartment,4.0,7,93.7,3411000.0,1962.0,2026-03-23,True,True,41.4
10989,Tel Aviv,Apartment,3.5,7,52.1,2636000.0,1978.0,2025-03-03,True,True,0.0
10990,Rishon LeZion,Apartment,5.0,3,107.2,2690000.0,2013.0,2024-03-23,True,True,21.3
10991,Rishon LeZion,Villa,5.5,0,245.0,8486000.0,1969.0,2026-02-03,False,False,11.8
10992,Haifa,Cottage,5.5,0,291.5,6303000.0,1992.0,2025-10-19,False,True,19.7
10993,Ramat Gan,Apartment,4.0,2,90.9,3281000.0,1972.0,2025-09-23,False,True,0.0
10994,Jerusalem,Apartment,2.0,8,128.2,3746000.0,2010.0,2024-03-05,True,True,0.0
10995,Ramat Gan,Apartment,3.0,7,61.1,2290000.0,1991.0,2024-10-07,True,True,32.5
10996,Tel Aviv,Apartment,4.0,4,98.0,4147000.0,1983.0,2026-03-05,True,True,48.5
10997,Petah Tikva,Apartment,4.5,2,83.5,2065000.0,1994.0,2025-01-25,False,True,0.0
10998,Tel Aviv,Apartment,4.0,12,55.5,2572000.0,1999.0,2025-03-03,True,True,21.3
10999,Petah Tikva,Cottage,4.5,0,215.6,5344000.0,2013.0,2025-09-09,False,False,47.1
11000,Ramat Gan,Penthouse,5.0,25,181.5,8857000.0,2003.0,2026-07-13,True,True,30.5
11001,Tel Aviv,Cottage,5.0,0,323.9,15084000.0,2021.0,2026-03-22,False,False,0.0
11002,Jerusalem,Apartment,4.5,7,64.5,2198000.0,1992.0,2024-04-16,True,True,0.0
11003,Rishon LeZion,Apartment,4.0,10,113.1,2791000.0,2015.0,2025-07-01,True,True,0.0
11004,Haifa,Apartment,2.5,3,66.9,1590000.0,1995.0,2025-10-20,True,True,42.7
11005,Rishon LeZion,Apartment,4.5,5,106.3,2597000.0,2013.0,2024-09-18,True,False,47.1
11006,Haifa,Villa,6.0,0,211.3,5577000.0,1978.0,2026-07-09,False,True,19.3
11007,Haifa,Apartment,5.0,10,92.2,1917000.0,,2024-06-07,True,True,0.0
11008,Rishon LeZion,Apartment,4.5,9,58.1,1717000.0,1971.0,2024-09-21,True,True,8.3
11009,Tel Aviv,Apartment,3.5,3,54.6,2282000.0,1970.0,2025-04-12,True,False,38.2
11010,Jerusalem,Apartment,3.0,2,99.4,3600000.0,1971.0,2024-07-20,False,True,0.0
11011,Tel Aviv,Villa,6.0,0,334.5,20186000.0,2000.0,2026-07-21,False,True,23.4
11012,Petah Tikva,Apartment,2.5,2,76.3,1734000.0,1984.0,2024-06-03,True,True,22.8
11013,Petah Tikva,Apartment,4.0,9,89.2,2306000.0,1962.0,2024-01-13,True,False,0.0
11014,Tel Aviv,Apartment,2.5,11,108.2,4267000.0,1962.0,2024-10-23,True,False,46.3
11015,Haifa,Penthouse,4.5,20,131.0,3707000.0,1987.0,2026-06-14,True,True,15.5
11016,Petah Tikva,Apartment,4.5,14,110.0,2926000.0,1982.0,2026-04-13,True,True,40.1
11017,Tel Aviv,Penthouse,4.5,16,241.3,14791000.0,2007.0,2025-05-12,True,False,33.0
11018,Jerusalem,Villa,5.5,0,215.6,8723000.0,2001.0,2025-08-19,False,False,11.9
11019,Petah Tikva,Apartment,4.5,6,75.3,1760000.0,1999.0,2026-03-02,True,True,0.0
11020,Tel Aviv,Cottage,4.0,0,159.9,7625000.0,1965.0,2024-09-01,False,False,13.0
11021,Haifa,Apartment,3.5,6,56.8,1126000.0,1979.0,2024-10-26,True,True,
11022,Ramat Gan,Villa,5.5,0,272.8,12210000.0,1970.0,2024-12-27,False,True,32.7
11023,Petah Tikva,Apartment,3.5,8,112.6,2818000.0,1986.0,2024-12-19,True,False,21.9
11024,Petah Tikva,Apartment,4.5,4,69.2,1838000.0,1980.0,2026-04-07,True,True,22.7
11025,Petah Tikva,Apartment,4.5,14,80.2,1854000.0,1972.0,2025-06-04,True,False,0.0
11026,Jerusalem,Villa,5.5,0,308.4,11394000.0,1994.0,2025-01-20,False,True,8.9
11027,Rishon LeZion,Apartment,4.5,8,59.4,1552000.0,2006.0,2026-01-28,True,True,0.0
11028,Rishon LeZion,Apartment,5.0,8,70.1,1653000.0,1987.0,2024-11-07,True,False,0.0
11029,Ramat Gan,Apartment,2.0,5,85.9,2863000.0,1980.0,2025-02-17,True,True,0.0
11030,Rishon LeZion,Apartment,4.0,6,78.0,2340000.0,1977.0,2024-10-04,True,True,0.0
11031,Tel Aviv,Apartment,3.0,14,58.0,2921000.0,1990.0,2026-01-19,True,False,20.5
11032,Jerusalem,Apartment,4.5,11,95.2,3111000.0,2019.0,2025-12-15,True,True,0.0
11033,Tel Aviv,Apartment,4.0,13,72.8,3232000.0,1996.0,2026-01-28,True,True,0.0
11034,Tel Aviv,Apartment,3.0,5,66.1,2556000.0,1980.0,2026-01-16,True,False,0.0
11035,Tel Aviv,Apartment,2.5,1,83.5,4185000.0,1973.0,2025-08-15,True,True,43.1
11036,Haifa,Apartment,4.5,2,98.8,1898000.0,2019.0,2024-12-21,True,False,0.0
11037,Ramat Gan,Apartment,3.0,13,67.6,2682000.0,1982.0,2025-06-08,True,False,
11038,Haifa,Apartment,3.5,10,58.0,1301000.0,1988.0,2026-04-18,True,True,7.9
11039,Tel Aviv,Apartment,3.5,12,118.9,5097000.0,2006.0,2024-01-16,True,True,0.0
11040,Ramat Gan,Apartment,3.0,5,118.1,4660000.0,1989.0,2024-02-14,True,False,0.0
11041,Jerusalem,Apartment,3.5,7,111.3,3101000.0,1997.0,2024-11-16,True,True,42.4
11042,Rishon LeZion,Apartment,3.5,5,65.4,1842000.0,1986.0,2025-10-12,True,True,0.0
11043,Ramat Gan,Apartment,2.5,9,74.8,2656000.0,1974.0,2024-11-21,True,True,33.5
11044,Haifa,Apartment,4.5,7,104.1,2145000.0,2018.0,2024-05-27,True,True,49.3
11045,Rishon LeZion,Apartment,4.5,4,87.9,2366000.0,1962.0,2024-12-20,True,True,44.5
11046,Haifa,Apartment,5.0,10,129.6,3049000.0,1969.0,2024-08-23,True,False,12.2
11047,Tel Aviv,Apartment,2.5,13,128.8,6191000.0,1976.0,2025-12-03,True,False,0.0
11048,Tel Aviv,Apartment,5.0,7,77.3,2957000.0,1970.0,2025-09-04,True,True,20.7
11049,Rishon LeZion,Villa,6.5,0,311.7,11634000.0,2007.0,2024-04-14,False,True,24.5
11050,Tel Aviv,Apartment,3.5,12,115.3,4666000.0,1964.0,2025-04-18,True,True,20.1
11051,Rishon LeZion,Cottage,4.5,0,257.7,7172000.0,2023.0,2026-01-31,False,True,20.1
11052,Jerusalem,Villa,5.0,0,315.9,11446000.0,1973.0,2025-01-30,False,False,0.0
11053,Petah Tikva,Apartment,2.5,14,85.6,1843000.0,2009.0,2025-03-21,True,False,13.6
11054,Rishon LeZion,Apartment,3.0,10,125.1,3051000.0,1985.0,2025-08-28,True,False,29.2
11055,Petah Tikva,Apartment,2.5,1,100.2,2870000.0,1966.0,2024-08-07,False,True,0.0
11056,Ramat Gan,Villa,7.0,0,156.5,6209000.0,1975.0,2026-03-20,False,True,18.0
11057,Rishon LeZion,Apartment,3.0,5,69.4,1688000.0,2014.0,2026-04-30,True,True,0.0
11058,Ramat Gan,Apartment,5.0,6,101.4,3131000.0,2015.0,2025-03-17,True,True,6.3
11059,Jerusalem,Apartment,3.0,9,69.1,2394000.0,1963.0,2025-10-06,True,True,
11060,Haifa,Apartment,4.5,9,64.5,1606000.0,2007.0,2026-05-22,True,False,0.0
11061,Rishon LeZion,Villa,4.5,0,215.2,6584000.0,1976.0,2025-10-28,False,False,0.0
11062,Petah Tikva,Apartment,3.5,4,60.7,1299000.0,1995.0,2024-01-28,True,False,35.1
11063,Rishon LeZion,Apartment,2.5,12,54.7,1379000.0,1997.0,2026-03-04,True,False,0.0
11064,Ramat Gan,Apartment,3.0,10,103.1,3128000.0,,2025-04-19,True,True,0.0
11065,Ramat Gan,Apartment,2.0,11,96.7,2982000.0,2007.0,2025-09-19,True,True,44.8
11066,Haifa,Cottage,4.5,0,269.6,6535000.0,1969.0,2024-10-31,False,True,
11067,Tel Aviv,Apartment,2.0,6,72.6,3002000.0,1995.0,2026-01-15,True,True,5.9
11068,Tel Aviv,Apartment,2.0,7,105.3,4761000.0,1988.0,2025-02-08,True,True,29.6
11069,Ramat Gan,Apartment,3.0,8,91.2,2956000.0,1963.0,2025-05-27,True,False,20.4
11070,Ramat Gan,Cottage,5.5,0,221.9,9672000.0,2003.0,2025-05-16,False,True,0.0
11071,Ramat Gan,Apartment,4.5,13,86.6,3400000.0,2015.0,2024-12-13,True,True,20.1
11072,Tel Aviv,Apartment,3.5,12,110.6,5077000.0,2001.0,2024-08-27,True,True,0.0
11073,Tel Aviv,Apartment,4.5,2,88.4,3804000.0,1972.0,2025-07-23,True,True,13.6
11074,Tel Aviv,Apartment,2.0,7,108.2,4695000.0,2005.0,2026-04-26,True,True,46.1
11075,Petah Tikva,Cottage,4.5,0,181.7,4865000.0,1992.0,2025-11-25,False,True,0.0
11076,Ramat Gan,Apartment,5.0,7,91.0,3402000.0,1980.0,2024-12-02,True,True,19.7
11077,Ramat Gan,Apartment,4.5,2,102.1,3522000.0,2016.0,2024-01-26,False,False,39.4
11078,Haifa,Apartment,2.5,14,73.8,1838000.0,2007.0,2025-02-12,True,True,5.7
11079,Tel Aviv,Apartment,2.5,13,50.8,2591000.0,1992.0,2024-03-17,True,True,0.0
11080,Petah Tikva,Apartment,5.0,11,77.4,1840000.0,1995.0,2026-07-17,True,True,21.0
11081,Rishon LeZion,Villa,5.5,0,185.8,6243000.0,1992.0,2024-08-04,False,False,20.2
11082,Tel Aviv,Cottage,5.5,0,291.9,12694000.0,,2024-11-23,False,True,0.0
11083,Ramat Gan,Villa,4.0,0,169.3,6472000.0,1980.0,2026-04-16,False,False,0.0
11084,Rishon LeZion,Apartment,4.0,7,111.3,2981000.0,,2026-02-12,True,False,11.8
11085,Petah Tikva,Apartment,4.5,1,60.8,1386000.0,2021.0,2024-01-23,False,False,11.4
11086,Jerusalem,Apartment,5.0,13,86.6,3132000.0,1985.0,2026-01-25,True,True,0.0
11087,Haifa,Apartment,2.0,2,111.0,2241000.0,2025.0,2025-10-31,True,True,0.0
11088,Tel Aviv,Cottage,5.5,0,257.1,12557000.0,1971.0,2025-12-18,False,True,12.5
11089,Petah Tikva,Apartment,3.5,10,122.7,3165000.0,1981.0,2024-11-05,True,True,48.8
11090,Tel Aviv,Apartment,4.0,11,124.2,5911000.0,1976.0,2025-08-21,True,True,0.0
11091,Petah Tikva,Villa,5.5,0,240.6,6965000.0,1966.0,2024-09-23,False,False,0.0
11092,Haifa,Apartment,3.0,12,87.8,2194000.0,1996.0,2025-02-18,True,False,0.0
11093,Haifa,Apartment,3.0,9,82.4,1892000.0,1997.0,2025-10-07,True,True,35.1
11094,Jerusalem,Villa,4.0,0,265.7,10174000.0,1970.0,2024-09-23,False,True,11.2
11095,Tel Aviv,Apartment,4.0,3,78.6,3078000.0,1960.0,2024-11-28,True,False,0.0
11096,Tel Aviv,Apartment,3.0,4,57.0,2538000.0,1984.0,2026-02-18,True,True,49.1
11097,Tel Aviv,Apartment,4.0,7,81.4,4015000.0,2001.0,2025-03-25,True,True,28.9
11098,Tel Aviv,Apartment,4.5,1,50.5,2351000.0,2011.0,2025-07-18,True,True,14.6
11099,Rishon LeZion,Penthouse,5.5,23,194.1,7631000.0,1983.0,2025-09-02,True,False,33.1
11100,Ramat Gan,Apartment,3.5,11,51.1,1785000.0,2012.0,2024-09-03,True,True,28.1
11101,Tel Aviv,Apartment,4.0,14,108.7,4332000.0,2015.0,2024-02-05,True,False,0.0
11102,Petah Tikva,Villa,5.0,0,257.6,6600000.0,2022.0,2025-02-04,False,True,0.0
11103,Rishon LeZion,Apartment,2.5,4,54.5,1410000.0,1967.0,2024-01-28,True,True,0.0
11104,Petah Tikva,Apartment,3.5,14,98.3,2603000.0,2018.0,2024-08-07,True,True,0.0
11105,Petah Tikva,Apartment,2.5,3,73.6,2000000.0,2004.0,2025-02-09,False,True,49.4
11106,Tel Aviv,Apartment,4.0,3,79.7,3367000.0,1986.0,2025-09-05,False,True,42.2
11107,Ramat Gan,Apartment,2.0,3,121.7,4254000.0,2011.0,2026-02-13,True,True,16.9
11108,Rishon LeZion,Apartment,4.5,9,88.7,2382000.0,1977.0,2024-09-27,True,False,37.7
11109,Haifa,Apartment,4.5,6,77.0,1686000.0,1975.0,2026-01-05,True,True,0.0
11110,Tel Aviv,Apartment,2.5,5,90.4,3740000.0,2025.0,2025-10-12,True,False,40.2
11111,Rishon LeZion,Apartment,2.5,11,64.6,1583000.0,1964.0,2026-03-02,True,False,11.6
11112,Tel Aviv,Apartment,2.0,14,106.6,4361000.0,1962.0,2025-05-25,True,False,26.3
11113,Tel Aviv,Apartment,3.5,1,119.4,4656000.0,1966.0,2024-10-12,False,False,40.6
11114,Jerusalem,Apartment,4.0,14,81.1,2397000.0,2009.0,2025-03-29,True,True,0.0
11115,Jerusalem,Apartment,3.0,11,119.4,3309000.0,1973.0,2026-01-31,True,True,42.7
11116,Jerusalem,Apartment,5.0,3,69.8,2355000.0,1997.0,2026-04-13,True,False,34.0
11117,Tel Aviv,Apartment,4.5,4,75.8,3223000.0,2006.0,2024-11-12,True,False,22.9
11118,Rishon LeZion,Cottage,4.5,0,184.6,6377000.0,1992.0,2025-08-12,False,False,0.0
11119,Ramat Gan,Apartment,2.5,4,58.5,1859000.0,,2024-10-23,True,True,46.7
11120,Tel Aviv,Penthouse,4.5,29,161.0,8983000.0,1988.0,2024-12-03,True,True,14.8
11121,Rishon LeZion,Apartment,4.0,5,50.5,1330000.0,2016.0,2024-11-02,True,True,36.2
11122,Petah Tikva,Apartment,3.0,7,85.6,1824000.0,1964.0,2025-03-03,True,False,36.8
11123,Rishon LeZion,Apartment,4.5,10,82.4,2497000.0,2019.0,2024-12-16,True,True,46.5
11124,Rishon LeZion,Apartment,4.0,3,57.1,1350000.0,1961.0,2025-05-25,False,True,0.0
11125,Haifa,Apartment,3.5,6,128.9,3283000.0,2002.0,2025-06-08,True,True,0.0
11126,Jerusalem,Apartment,4.5,2,52.4,1903000.0,1963.0,2026-05-07,True,True,0.0
11127,Tel Aviv,Penthouse,4.5,22,241.9,14302000.0,2015.0,2025-05-06,True,True,42.3
11128,Ramat Gan,Apartment,2.0,3,65.9,2337000.0,2018.0,2026-06-26,False,False,37.3
11129,Ramat Gan,Apartment,3.0,7,120.2,4401000.0,1968.0,2025-08-16,True,False,6.5
11130,Ramat Gan,Apartment,2.5,8,67.1,2269000.0,1962.0,2024-01-09,True,True,21.8
11131,Haifa,Apartment,2.0,10,90.7,2131000.0,2007.0,2025-05-11,True,True,33.4
11132,Jerusalem,Apartment,5.0,6,126.4,3547000.0,2002.0,2025-12-25,True,False,28.5
11133,Tel Aviv,Penthouse,4.5,29,213.2,10804000.0,1960.0,2025-07-13,True,True,0.0
11134,Tel Aviv,Apartment,3.5,8,112.2,4984000.0,2016.0,2025-07-14,True,False,0.0
11135,Haifa,Cottage,6.5,0,221.9,5574000.0,2012.0,2026-03-31,False,True,0.0
11136,Tel Aviv,Apartment,2.5,8,100.9,5069000.0,1975.0,2025-03-15,True,True,0.0
11137,Rishon LeZion,Villa,6.5,0,195.2,5678000.0,2010.0,2025-07-05,False,True,15.5
11138,Jerusalem,Apartment,4.5,11,74.3,2648000.0,2014.0,2026-05-24,True,False,23.0
11139,Jerusalem,Penthouse,5.5,7,247.9,9563000.0,1960.0,2026-03-02,True,True,40.3
11140,Jerusalem,Villa,6.5,0,160.5,6061000.0,1987.0,2026-01-07,False,True,27.0
11141,Rishon LeZion,Apartment,4.0,13,123.2,3202000.0,2012.0,2024-04-17,True,True,14.7
11142,Ramat Gan,Apartment,3.5,8,95.5,3242000.0,2017.0,2024-09-01,True,True,10.3
11143,Haifa,Apartment,3.0,8,96.3,1940000.0,,2024-09-11,True,True,27.5
11144,Jerusalem,Cottage,5.5,0,276.3,9888000.0,2018.0,2024-02-02,False,True,0.0
11145,Ramat Gan,Apartment,2.0,8,85.9,3279000.0,1981.0,2024-01-23,True,True,0.0
11146,Rishon LeZion,Apartment,2.5,6,90.3,2440000.0,1967.0,2026-04-24,True,True,15.4
11147,Rishon LeZion,Apartment,3.5,2,94.3,2586000.0,2008.0,2025-07-19,False,True,24.7
11148,Haifa,Apartment,4.5,13,106.6,2649000.0,2001.0,2026-03-31,True,True,43.5
11149,Rishon LeZion,Apartment,3.0,6,122.0,3562000.0,1986.0,2024-02-18,True,True,0.0
11150,Rishon LeZion,Apartment,2.0,12,90.0,2468000.0,1998.0,2025-04-06,True,True,28.9
11151,Haifa,Apartment,3.5,1,92.3,1926000.0,1984.0,2025-08-12,False,True,0.0
11152,Rishon LeZion,Apartment,2.5,6,119.3,3660000.0,1997.0,2024-12-01,True,True,10.6
11153,Haifa,Apartment,3.0,10,84.6,1947000.0,1983.0,2024-12-23,True,True,7.2
11154,Haifa,Villa,4.5,0,170.6,4221000.0,1983.0,2024-05-01,False,True,30.0
11155,Haifa,Apartment,4.5,2,92.3,1933000.0,2019.0,2025-03-19,True,True,5.9
11156,Rishon LeZion,Apartment,4.5,11,84.9,2547000.0,2009.0,2024-12-24,True,True,9.7
11157,Tel Aviv,Apartment,4.0,4,56.0,2175000.0,2025.0,2025-08-24,True,True,0.0
11158,Rishon LeZion,Apartment,2.5,11,85.6,2702000.0,1973.0,2024-12-11,True,False,7.0
11159,Rishon LeZion,Cottage,4.5,0,227.3,6113000.0,2012.0,2024-07-11,False,False,23.0
11160,Tel Aviv,Penthouse,5.5,25,212.3,13523000.0,1991.0,2025-02-19,True,True,0.0
11161,Rishon LeZion,Apartment,5.0,9,118.7,3161000.0,2007.0,2025-01-11,True,True,20.7
11162,Tel Aviv,Apartment,5.0,7,71.1,3192000.0,1998.0,2025-04-07,True,False,40.6
11163,Ramat Gan,Apartment,4.0,4,129.9,5066000.0,1999.0,2026-01-25,True,False,33.2
11164,Haifa,Apartment,4.5,1,128.0,2805000.0,2001.0,2025-10-22,True,True,0.0
11165,Tel Aviv,Villa,4.0,0,314.4,17169000.0,,2024-05-25,False,True,0.0
11166,Rishon LeZion,Apartment,3.5,1,93.1,2214000.0,1985.0,2025-04-22,True,True,32.9
11167,Rishon LeZion,Apartment,4.5,1,85.1,1991000.0,1971.0,2026-04-07,False,True,0.0
11168,Jerusalem,Apartment,2.5,3,55.1,1654000.0,2002.0,2026-06-08,False,True,0.0
11169,Tel Aviv,Apartment,2.0,10,84.2,3994000.0,2010.0,2025-10-14,True,True,34.9
11170,Ramat Gan,Apartment,5.0,13,72.0,2234000.0,2022.0,2025-02-11,True,False,0.0
11171,Haifa,Apartment,2.0,5,127.8,2542000.0,2008.0,2024-10-12,True,True,25.7
11172,Petah Tikva,Apartment,4.0,10,115.4,2808000.0,1986.0,2026-06-16,True,True,0.0
11173,Haifa,Apartment,4.0,10,71.5,1680000.0,1968.0,2026-04-30,True,True,44.6
11174,Ramat Gan,Apartment,4.0,14,58.2,2167000.0,1998.0,2024-04-20,True,True,0.0
11175,Haifa,Apartment,4.5,3,121.3,2466000.0,2024.0,2025-09-11,False,True,44.0
11176,Jerusalem,Apartment,3.5,7,119.5,3394000.0,1966.0,2026-05-28,True,True,0.0
11177,Rishon LeZion,Apartment,2.5,10,83.7,2606000.0,1969.0,2026-03-03,True,True,21.4
11178,Tel Aviv,Penthouse,4.5,15,178.0,9665000.0,2012.0,2024-02-19,True,True,0.0
11179,Rishon LeZion,Apartment,2.5,6,122.9,3738000.0,2016.0,2024-01-14,True,False,48.1
11180,Jerusalem,Penthouse,4.0,28,229.7,10763000.0,1986.0,2024-05-13,True,True,0.0
11181,Petah Tikva,Apartment,3.5,9,96.6,2612000.0,2013.0,2025-08-10,True,True,0.0
11182,Ramat Gan,Apartment,3.5,10,64.9,2046000.0,1963.0,2025-08-18,True,True,36.3
11183,Haifa,Apartment,3.0,6,125.8,3104000.0,1982.0,2024-12-08,True,True,0.0
11184,Petah Tikva,Apartment,2.0,13,53.9,1456000.0,2007.0,2025-10-31,True,True,36.2
11185,Tel Aviv,Apartment,5.0,14,93.3,4320000.0,2001.0,2024-10-12,True,True,0.0
11186,Petah Tikva,Apartment,3.0,11,52.1,1239000.0,1962.0,2026-07-22,True,True,0.0
11187,Haifa,Apartment,4.5,11,107.2,2240000.0,1962.0,2024-11-09,True,True,19.7
11188,Tel Aviv,Apartment,2.5,10,78.2,3120000.0,1987.0,2025-08-28,True,False,0.0
11189,Ramat Gan,Apartment,3.0,14,110.7,3886000.0,2022.0,2024-10-23,True,True,47.7
11190,Haifa,Apartment,4.0,7,64.7,1493000.0,1990.0,2025-08-28,True,True,5.5
11191,Tel Aviv,Apartment,4.0,3,75.8,3267000.0,1969.0,2025-07-22,True,True,0.0
11192,Jerusalem,Apartment,4.0,10,116.8,3768000.0,2008.0,2024-06-12,True,False,0.0
11193,Ramat Gan,Apartment,3.5,5,126.0,4229000.0,1980.0,2026-04-11,True,True,27.2
11194,Haifa,Apartment,3.0,1,126.6,2969000.0,2012.0,2025-05-11,True,True,30.8
11195,Tel Aviv,Apartment,2.5,14,113.1,5702000.0,2013.0,2025-09-01,True,False,0.0
11196,Rishon LeZion,Apartment,2.5,8,89.5,2213000.0,2016.0,2024-01-16,True,True,45.2
11197,Petah Tikva,Villa,4.5,0,178.8,5173000.0,1979.0,2024-12-09,False,True,0.0
11198,Petah Tikva,Apartment,2.5,12,66.6,1486000.0,2008.0,2024-03-18,True,True,0.0
11199,Haifa,Apartment,2.5,3,62.5,1459000.0,1966.0,2024-12-11,False,False,15.3
11200,Tel Aviv,Apartment,4.5,11,89.5,4304000.0,1988.0,2024-03-12,True,False,46.4
11201,Rishon LeZion,Villa,7.0,0,183.1,6825000.0,2007.0,2024-09-26,False,False,36.6
11202,Tel Aviv,Apartment,3.0,2,78.4,3294000.0,1972.0,2024-10-13,False,False,39.6
11203,Tel Aviv,Apartment,3.5,11,70.7,3611000.0,1962.0,2024-03-06,True,False,0.0
11204,Ramat Gan,Cottage,4.5,0,339.5,11358000.0,1961.0,2026-05-29,False,True,0.0
11205,Jerusalem,Apartment,2.5,7,93.7,3139000.0,1975.0,2024-03-08,True,False,40.5
11206,Rishon LeZion,Apartment,3.5,12,87.5,2087000.0,1965.0,2024-07-11,True,True,38.8
11207,Haifa,Apartment,2.5,14,61.5,1547000.0,2004.0,2024-02-24,True,True,48.7
11208,Ramat Gan,Apartment,3.5,10,58.6,2069000.0,1964.0,2025-01-13,True,True,0.0
11209,Ramat Gan,Apartment,4.0,8,65.8,2420000.0,,2024-06-16,True,True,0.0
11210,Petah Tikva,Apartment,2.5,4,68.9,1894000.0,1991.0,2025-02-12,True,False,0.0
11211,Ramat Gan,Apartment,3.0,9,68.4,2143000.0,2008.0,2025-05-22,True,True,40.6
11212,Jerusalem,Apartment,4.0,12,71.3,1996000.0,1972.0,2025-06-20,True,True,0.0
11213,Tel Aviv,Apartment,3.5,5,90.8,4550000.0,1989.0,2025-10-04,True,True,8.4
11214,Rishon LeZion,Apartment,3.0,14,64.7,1680000.0,1984.0,2026-04-16,True,False,0.0
11215,Haifa,Apartment,5.0,14,128.8,2575000.0,2019.0,2024-04-11,True,True,0.0
11216,Tel Aviv,Apartment,4.5,3,58.6,2612000.0,2018.0,2026-06-04,False,True,0.0
11217,Tel Aviv,Apartment,4.5,5,85.9,3980000.0,1987.0,2026-03-04,True,True,44.7
11218,Haifa,Apartment,3.5,14,74.8,1446000.0,2017.0,2026-03-18,True,True,0.0
11219,Haifa,Apartment,3.5,10,125.2,2627000.0,1979.0,2026-03-16,True,True,22.4
11220,Ramat Gan,Villa,4.5,0,274.8,9924000.0,1993.0,2025-02-25,False,True,0.0
11221,Petah Tikva,Apartment,3.0,2,123.0,3002000.0,1964.0,2026-02-13,False,False,27.0
11222,Tel Aviv,Apartment,3.0,14,75.3,3790000.0,2019.0,2025-04-22,True,True,9.0
11223,Ramat Gan,Apartment,3.0,13,86.6,3470000.0,2002.0,2026-07-14,True,True,22.4
11224,Petah Tikva,Apartment,2.5,7,102.2,2660000.0,2016.0,2024-04-29,True,True,0.0
11225,Ramat Gan,Apartment,2.5,14,53.7,1689000.0,2016.0,2026-07-03,True,True,13.6
11226,Haifa,Apartment,3.0,10,115.6,2918000.0,2013.0,2026-01-12,True,True,0.0
11227,Ramat Gan,Villa,4.5,0,203.0,8568000.0,2004.0,2024-10-17,False,True,0.0
11228,Ramat Gan,Apartment,2.5,12,56.7,1778000.0,1996.0,2025-05-02,True,True,0.0
11229,Petah Tikva,Apartment,2.5,5,128.2,3610000.0,2007.0,2024-06-09,True,False,29.2
11230,Ramat Gan,Villa,4.5,0,209.9,9497000.0,2013.0,2025-11-03,False,True,
11231,Rishon LeZion,Apartment,4.5,12,66.3,1950000.0,2007.0,2024-03-18,True,True,29.3
11232,Tel Aviv,Apartment,3.0,9,128.5,6145000.0,1965.0,2024-02-07,True,True,36.8
11233,Tel Aviv,Apartment,4.0,9,122.5,5017000.0,1993.0,2025-01-28,True,True,21.1
11234,Tel Aviv,Apartment,3.0,7,55.6,2285000.0,2022.0,2025-03-16,True,True,38.8
11235,Haifa,Apartment,4.5,12,69.5,1652000.0,2007.0,2025-06-23,True,True,32.9
11236,Ramat Gan,Apartment,3.5,5,106.7,3420000.0,1982.0,2025-04-06,True,False,25.7
11237,Rishon LeZion,Apartment,3.0,11,110.2,2975000.0,1972.0,2025-09-03,True,True,13.7
11238,Jerusalem,Apartment,3.5,6,74.0,2608000.0,2006.0,2024-10-20,True,True,18.7
11239,Petah Tikva,Apartment,4.5,9,84.6,2295000.0,2003.0,2025-02-03,True,False,32.9
11240,Tel Aviv,Apartment,4.5,10,115.1,5107000.0,1991.0,2025-09-27,True,True,24.2
11241,Rishon LeZion,Apartment,4.0,11,83.4,2495000.0,1985.0,2026-07-05,True,False,0.0
11242,Rishon LeZion,Apartment,2.0,8,101.5,3075000.0,2012.0,2024-04-01,True,True,15.6
11243,Rishon LeZion,Apartment,2.5,14,108.9,3134000.0,1973.0,2026-02-05,True,True,8.3
11244,Rishon LeZion,Apartment,4.5,8,126.7,3200000.0,2011.0,2025-08-31,True,True,31.5
11245,Rishon LeZion,Apartment,4.5,8,82.5,2115000.0,1995.0,2024-01-06,True,False,44.9
11246,Haifa,Apartment,4.0,8,125.6,2669000.0,1967.0,2025-11-11,True,False,21.4
11247,Tel Aviv,Apartment,3.5,11,91.4,3640000.0,1999.0,2026-06-13,True,True,34.1
11248,Tel Aviv,Apartment,4.0,7,61.6,2583000.0,1981.0,2024-09-27,True,True,0.0
11249,Petah Tikva,Cottage,5.0,0,346.5,8698000.0,1975.0,2025-09-11,False,True,0.0
11250,Haifa,Apartment,3.0,12,85.2,1891000.0,2019.0,2026-06-17,True,True,0.0
11251,Rishon LeZion,Apartment,3.0,1,70.7,2182000.0,2019.0,2026-03-21,True,True,0.0
11252,Jerusalem,Cottage,6.0,0,239.6,7549000.0,1969.0,2025-07-12,False,True,0.0
11253,Tel Aviv,Apartment,2.0,2,122.9,5896000.0,1984.0,2024-04-08,True,True,0.0
11254,Tel Aviv,Apartment,3.5,1,88.9,4225000.0,1990.0,2025-06-09,False,True,0.0
11255,Haifa,Apartment,4.5,1,122.4,2420000.0,1980.0,2024-07-12,False,True,6.6
11256,Ramat Gan,Apartment,4.0,2,89.4,3526000.0,1992.0,2024-06-05,True,False,36.1
11257,Tel Aviv,Apartment,2.5,7,70.0,3215000.0,1990.0,2026-06-18,True,False,28.8
11258,Jerusalem,Penthouse,6.0,26,189.3,7671000.0,1980.0,2025-10-27,True,True,18.0
11259,Tel Aviv,Apartment,4.5,6,86.5,4192000.0,1995.0,2024-04-24,True,False,0.0
11260,Jerusalem,Apartment,4.0,9,85.7,2583000.0,2024.0,2025-01-30,True,True,18.1
11261,Ramat Gan,Apartment,2.0,11,87.5,3240000.0,1963.0,2026-02-08,True,False,0.0
11262,Rishon LeZion,Cottage,7.0,0,336.5,8774000.0,1963.0,2025-10-18,False,True,41.7
11263,Ramat Gan,Apartment,2.5,3,128.8,4967000.0,1968.0,2026-03-13,False,True,36.9
11264,Jerusalem,Apartment,4.0,1,84.4,2700000.0,1989.0,2025-06-05,True,False,7.8
11265,Tel Aviv,Apartment,4.0,12,69.6,3260000.0,2004.0,2026-05-29,True,True,45.7
11266,Tel Aviv,Apartment,5.0,5,50.4,2078000.0,1963.0,2024-08-01,True,False,40.6
11267,Ramat Gan,Apartment,2.0,12,76.5,2820000.0,1982.0,2026-01-14,True,False,15.3
11268,Jerusalem,Apartment,3.0,8,108.6,3818000.0,1975.0,2025-11-13,True,False,22.7
11269,Haifa,Apartment,4.5,14,100.8,2250000.0,1981.0,2025-06-16,True,True,17.1
11270,Ramat Gan,Apartment,5.0,10,79.3,2874000.0,2007.0,2024-01-15,True,True,0.0
11271,Haifa,Apartment,3.0,3,50.6,1124000.0,2021.0,2025-02-22,True,True,43.4
11272,Rishon LeZion,Apartment,3.0,3,128.4,3948000.0,2019.0,2025-01-02,False,False,46.9
11273,Rishon LeZion,Apartment,2.0,9,59.7,1641000.0,1964.0,2025-09-29,True,True,40.5
11274,Tel Aviv,Apartment,3.0,2,111.6,5537000.0,1966.0,2026-05-02,False,True,25.5
11275,Jerusalem,Penthouse,5.5,25,138.1,6362000.0,2010.0,2026-05-02,True,True,14.2
11276,Tel Aviv,Apartment,3.5,12,121.8,5334000.0,2024.0,2024-07-31,True,True,14.4
11277,Tel Aviv,Villa,4.5,0,337.3,16739000.0,1968.0,2025-11-30,False,True,11.8
11278,Petah Tikva,Penthouse,4.5,16,190.5,6017000.0,,2025-11-14,True,True,0.0
11279,Tel Aviv,Villa,4.5,0,338.2,20050000.0,2006.0,2026-01-28,False,False,46.4
11280,Jerusalem,Apartment,2.5,11,93.0,2776000.0,1983.0,2024-01-05,True,True,49.6
11281,Haifa,Apartment,3.0,14,128.6,2915000.0,1969.0,2024-08-18,True,False,17.9
11282,Haifa,Apartment,2.5,11,51.1,1255000.0,2007.0,2024-07-19,True,True,36.4
11283,Jerusalem,Apartment,2.0,3,97.9,3042000.0,,2026-06-03,False,True,31.9
11284,Tel Aviv,Apartment,3.5,4,86.8,4073000.0,2013.0,2025-02-05,True,True,0.0
11285,Ramat Gan,Apartment,4.0,6,60.0,1940000.0,1975.0,2024-05-28,True,True,0.0
11286,Jerusalem,Apartment,3.5,10,62.0,1779000.0,2012.0,2025-08-06,True,True,21.7
11287,Tel Aviv,Apartment,4.5,3,67.0,3281000.0,1999.0,2025-05-06,True,False,0.0
11288,Ramat Gan,Apartment,5.0,9,91.5,2817000.0,1979.0,2024-08-13,True,True,36.7
11289,Tel Aviv,Apartment,3.0,6,52.5,2200000.0,2004.0,2025-08-08,True,True,0.0
11290,Tel Aviv,Apartment,5.0,12,90.1,4486000.0,1965.0,2026-03-29,True,True,0.0
11291,Ramat Gan,Apartment,4.5,6,91.7,3062000.0,2008.0,2024-06-17,True,False,0.0
11292,Tel Aviv,Apartment,3.0,2,73.8,3792000.0,1998.0,2026-01-30,True,True,22.7
11293,Jerusalem,Apartment,2.5,9,57.3,2130000.0,1961.0,2026-03-02,True,True,39.5
11294,Haifa,Apartment,2.5,12,107.6,2253000.0,1998.0,2024-05-31,True,True,47.2
11295,Rishon LeZion,Apartment,5.0,13,122.2,2898000.0,1980.0,2024-08-11,True,False,24.2
11296,Tel Aviv,Apartment,4.0,1,68.9,3291000.0,1999.0,2025-05-18,True,True,
11297,Tel Aviv,Apartment,4.5,8,80.8,3583000.0,2013.0,2026-01-06,True,True,26.2
11298,Tel Aviv,Apartment,2.5,5,84.2,3335000.0,1971.0,2025-07-03,True,True,18.3
11299,Haifa,Apartment,3.5,2,118.3,2827000.0,1996.0,2024-02-13,False,False,0.0
11300,Haifa,Apartment,4.5,1,124.9,2415000.0,1997.0,2025-11-27,True,True,
11301,Tel Aviv,Apartment,3.0,1,92.3,4615000.0,1974.0,2025-05-18,False,False,0.0
11302,Petah Tikva,Apartment,3.5,5,87.8,1957000.0,1966.0,2024-08-28,True,True,18.7
11303,Tel Aviv,Apartment,2.0,14,94.3,3769000.0,2009.0,2026-07-18,True,True,0.0
11304,Jerusalem,Apartment,4.0,13,123.4,3620000.0,2024.0,2026-04-22,True,True,13.4
11305,Haifa,Villa,6.0,0,255.6,7854000.0,2003.0,2024-12-16,False,False,46.8
11306,Rishon LeZion,Apartment,2.5,10,125.9,3663000.0,1990.0,2025-12-22,True,True,
11307,Haifa,Apartment,2.5,10,85.8,2105000.0,2002.0,2024-01-23,True,False,10.5
11308,Rishon LeZion,Apartment,3.0,7,93.5,2492000.0,,2025-09-27,True,True,13.3
11309,Ramat Gan,Apartment,3.0,12,103.8,3455000.0,2020.0,2025-08-20,True,False,47.9
11310,Rishon LeZion,Apartment,2.5,1,89.8,2273000.0,1969.0,2024-02-12,False,True,38.2
11311,Tel Aviv,Apartment,2.5,9,106.7,4774000.0,1988.0,2025-04-10,True,True,38.0
11312,Rishon LeZion,Apartment,3.5,3,72.9,2036000.0,2007.0,2024-02-09,False,True,8.3
11313,Jerusalem,Apartment,2.5,5,109.4,3696000.0,2021.0,2024-10-29,True,True,0.0
11314,Rishon LeZion,Apartment,4.5,10,104.7,2669000.0,1972.0,2025-11-11,True,True,0.0
11315,Jerusalem,Apartment,3.5,10,65.1,2401000.0,2003.0,2024-06-23,True,True,34.7
11316,Haifa,Apartment,3.5,1,68.7,1393000.0,2006.0,2025-06-15,True,True,0.0
11317,Jerusalem,Apartment,5.0,8,128.1,4745000.0,2023.0,2025-04-05,True,True,9.5
11318,Haifa,Apartment,3.5,4,71.6,1377000.0,2012.0,2025-09-12,True,True,26.7
11319,Tel Aviv,Apartment,3.5,12,53.0,2371000.0,2003.0,2024-07-11,True,True,7.2
11320,Tel Aviv,Apartment,2.0,6,59.1,2527000.0,1987.0,2024-08-31,True,True,0.0
11321,Tel Aviv,Apartment,4.5,11,112.9,5003000.0,1961.0,2026-04-15,True,True,16.4
11322,Tel Aviv,Apartment,2.5,7,97.1,4462000.0,2016.0,2024-10-06,True,True,0.0
11323,Rishon LeZion,Apartment,4.5,5,93.2,2513000.0,2016.0,2026-01-09,True,True,22.9
11324,Tel Aviv,Apartment,4.0,2,101.1,4433000.0,1993.0,2024-02-05,False,False,0.0
11325,Petah Tikva,Apartment,4.0,6,114.1,3052000.0,2017.0,2025-07-10,True,False,0.0
11326,Ramat Gan,Apartment,5.0,8,109.2,4035000.0,2011.0,2026-06-16,True,True,49.3
11327,Tel Aviv,Apartment,2.5,2,91.0,4504000.0,1988.0,2025-06-23,False,True,0.0
11328,Rishon LeZion,Apartment,5.0,3,64.0,1628000.0,1994.0,2024-06-02,False,True,25.5
11329,Haifa,Apartment,2.0,3,55.0,1278000.0,2007.0,2024-01-23,False,True,8.4
11330,Jerusalem,Apartment,2.5,7,109.7,3656000.0,1992.0,2025-12-19,True,True,5.6
11331,Jerusalem,Villa,6.0,0,248.7,9320000.0,1968.0,2026-07-20,False,True,32.4
11332,Haifa,Villa,4.0,0,296.0,7959000.0,2007.0,2024-03-31,False,True,0.0
11333,Tel Aviv,Cottage,4.0,0,240.0,11216000.0,1995.0,2025-01-24,False,True,22.1
11334,Petah Tikva,Apartment,2.0,3,61.4,1370000.0,2003.0,2026-07-19,True,True,5.2
11335,Petah Tikva,Apartment,3.0,3,79.6,1819000.0,2019.0,2024-12-24,True,True,32.7
11336,Haifa,Apartment,3.5,6,94.9,1883000.0,2022.0,2025-07-03,True,True,24.1
11337,Tel Aviv,Apartment,3.0,13,107.8,5117000.0,1964.0,2026-07-19,True,True,10.7
11338,Haifa,Apartment,2.5,7,81.2,1915000.0,1999.0,2024-08-15,True,True,0.0
11339,Tel Aviv,Apartment,3.0,14,57.2,2922000.0,1978.0,2024-07-20,True,False,0.0
11340,Tel Aviv,Apartment,4.0,8,101.4,4877000.0,2006.0,2024-12-15,True,False,34.6
11341,Ramat Gan,Apartment,4.0,11,61.3,1857000.0,2024.0,2026-03-31,True,True,25.8
11342,Jerusalem,Villa,4.5,0,341.0,14832000.0,1977.0,2026-02-04,False,True,41.2
11343,Rishon LeZion,Apartment,3.0,7,123.6,3769000.0,2009.0,2024-02-07,True,True,0.0
11344,Haifa,Apartment,4.5,3,124.1,2745000.0,1989.0,2026-01-02,True,True,8.8
11345,Haifa,Apartment,3.0,14,54.1,1249000.0,2025.0,2025-05-14,True,True,7.0
11346,Ramat Gan,Apartment,4.0,13,69.5,2780000.0,1964.0,2025-11-29,True,True,0.0
11347,Ramat Gan,Villa,4.5,0,203.6,8634000.0,2001.0,2024-02-12,False,True,36.8
11348,Ramat Gan,Apartment,2.5,10,113.9,4471000.0,1964.0,2026-05-20,True,True,10.9
11349,Petah Tikva,Apartment,4.5,12,80.3,1756000.0,2009.0,2025-09-17,True,False,0.0
11350,Tel Aviv,Apartment,2.5,5,128.9,5263000.0,2017.0,2026-02-10,True,False,26.5
11351,Rishon LeZion,Apartment,3.5,9,122.9,3320000.0,1967.0,2025-05-31,True,True,49.4
11352,Jerusalem,Apartment,5.0,10,62.7,2090000.0,1990.0,2024-03-08,True,True,37.3
11353,Ramat Gan,Apartment,4.5,8,121.5,4656000.0,1971.0,2026-01-09,True,True,34.6
11354,Haifa,Villa,4.5,0,258.8,8011000.0,1980.0,2024-05-02,False,False,30.7
11355,Jerusalem,Apartment,4.0,3,63.3,1989000.0,2021.0,2025-11-15,False,False,0.0
11356,Rishon LeZion,Apartment,2.5,4,94.5,2246000.0,1992.0,2024-12-01,True,False,49.1
11357,Petah Tikva,Cottage,5.0,0,215.5,6462000.0,1985.0,2024-06-01,False,True,0.0
11358,Ramat Gan,Apartment,3.5,4,99.6,3595000.0,1999.0,2026-02-17,True,False,25.5
11359,Ramat Gan,Apartment,2.5,14,59.6,1897000.0,2024.0,2025-10-30,True,True,25.8
11360,Jerusalem,Cottage,4.5,0,345.0,12315000.0,2018.0,2024-06-10,False,False,24.3
11361,Petah Tikva,Penthouse,4.0,6,232.3,8099000.0,1974.0,2024-08-01,True,False,28.9
11362,Tel Aviv,Apartment,4.0,12,78.0,3795000.0,1960.0,2026-06-28,True,True,17.3
11363,Haifa,Villa,4.0,0,259.9,7016000.0,1970.0,2025-01-10,False,True,46.7
11364,Haifa,Apartment,4.5,7,99.8,2114000.0,2014.0,2026-07-08,True,False,27.1
11365,Haifa,Apartment,2.5,6,116.1,2984000.0,1961.0,2025-03-18,True,True,42.9
11366,Tel Aviv,Apartment,2.0,11,80.7,3809000.0,2024.0,2025-02-26,True,True,0.0
11367,Haifa,Apartment,2.5,5,92.8,2031000.0,2003.0,2025-06-21,True,True,37.3
11368,Petah Tikva,Apartment,2.5,9,81.2,1896000.0,1975.0,2026-07-27,True,True,20.2
11369,Tel Aviv,Villa,5.0,0,323.6,18686000.0,1981.0,2026-03-14,False,True,33.1
11370,Tel Aviv,Cottage,5.0,0,166.7,7613000.0,1977.0,2026-07-23,False,True,27.4
11371,Petah Tikva,Apartment,2.0,14,106.3,2396000.0,2006.0,2025-12-01,True,True,0.0
11372,Tel Aviv,Apartment,4.5,3,80.6,3659000.0,1989.0,2026-06-30,False,True,44.7
11373,Rishon LeZion,Apartment,2.0,11,79.0,2036000.0,1969.0,2025-09-25,True,True,10.1
11374,Jerusalem,Apartment,4.5,1,88.7,2994000.0,,2024-08-17,False,True,26.9
11375,Tel Aviv,Apartment,3.0,13,124.7,4968000.0,2021.0,2024-02-28,True,True,0.0
11376,Rishon LeZion,Apartment,3.0,5,56.7,1632000.0,1965.0,2024-04-05,True,True,43.7
11377,Ramat Gan,Apartment,3.5,3,93.7,3066000.0,2000.0,2024-09-18,True,True,16.4
11378,Jerusalem,Apartment,3.5,14,103.5,2859000.0,2002.0,2024-12-19,True,False,33.5
11379,Ramat Gan,Apartment,3.5,11,54.2,1685000.0,1977.0,2024-11-07,True,True,12.5
11380,Jerusalem,Apartment,3.0,11,71.4,2622000.0,2017.0,2024-05-15,True,False,23.2
11381,Tel Aviv,Apartment,4.0,14,63.5,3172000.0,2019.0,2026-05-11,True,True,0.0
11382,Ramat Gan,Apartment,4.5,4,103.2,3323000.0,1986.0,2026-03-05,True,False,0.0
11383,Petah Tikva,Apartment,4.0,4,116.0,3142000.0,1981.0,2026-07-11,True,True,34.8
11384,Ramat Gan,Apartment,3.0,7,128.4,4640000.0,,2025-04-17,True,True,14.2
11385,Haifa,Apartment,5.0,13,64.0,1643000.0,1999.0,2025-09-23,True,True,23.7
11386,Ramat Gan,Apartment,3.5,11,123.7,4165000.0,2025.0,2025-03-05,True,True,29.3
11387,Rishon LeZion,Villa,5.5,0,241.6,8407000.0,1999.0,2026-07-25,False,True,31.0
11388,Tel Aviv,Villa,6.0,0,163.0,7649000.0,1965.0,2025-06-20,False,True,32.1
11389,Petah Tikva,Apartment,3.5,1,100.4,2432000.0,1977.0,2026-05-03,False,True,0.0
11390,Jerusalem,Apartment,3.0,12,63.1,2336000.0,1989.0,2024-05-25,True,False,17.2
11391,Tel Aviv,Apartment,4.5,4,99.2,4516000.0,1980.0,2025-06-07,True,True,0.0
11392,Tel Aviv,Apartment,2.5,14,53.2,2242000.0,2021.0,2024-03-27,True,True,6.7
11393,Tel Aviv,Apartment,5.0,5,121.2,4833000.0,1969.0,2024-04-18,True,True,39.6
11394,Jerusalem,Apartment,4.0,12,101.6,3504000.0,1972.0,2025-02-26,True,True,42.7
11395,Ramat Gan,Cottage,6.0,0,251.7,10112000.0,1968.0,2024-12-10,False,False,0.0
11396,Rishon LeZion,Villa,5.0,0,316.6,10053000.0,1998.0,2024-09-22,False,False,14.1
11397,Ramat Gan,Apartment,3.0,8,110.0,4371000.0,1983.0,2026-01-03,True,False,0.0
11398,Tel Aviv,Apartment,3.5,10,94.9,3658000.0,1993.0,2025-08-08,True,False,0.0
11399,Haifa,Penthouse,5.0,12,231.4,6370000.0,2020.0,2025-05-08,True,True,0.0
11400,Haifa,Apartment,4.5,11,96.6,2448000.0,2000.0,2024-11-28,True,True,0.0
11401,Tel Aviv,Villa,6.0,0,254.5,13005000.0,1964.0,2026-04-01,False,True,0.0
11402,Tel Aviv,Apartment,3.5,6,125.3,5219000.0,2009.0,2025-02-16,True,False,0.0
11403,Tel Aviv,Apartment,2.5,12,65.2,2964000.0,1963.0,2025-09-05,True,False,31.9
11404,Haifa,Apartment,3.5,7,80.8,1995000.0,2010.0,2026-07-25,True,True,0.0
11405,Haifa,Villa,6.5,0,251.0,5970000.0,2011.0,2025-10-10,False,True,0.0
11406,Jerusalem,Villa,5.5,0,161.6,7140000.0,1998.0,2024-07-09,False,False,44.3
11407,Rishon LeZion,Apartment,2.5,6,108.4,3245000.0,1967.0,2026-07-21,True,True,0.0
11408,Rishon LeZion,Apartment,3.0,9,97.3,2420000.0,2004.0,2024-05-21,True,False,11.5
11409,Jerusalem,Apartment,3.0,11,89.3,3087000.0,1987.0,2026-05-18,True,True,33.0
11410,Rishon LeZion,Apartment,3.5,6,94.2,2501000.0,1986.0,2024-03-13,True,True,25.8
11411,Tel Aviv,Apartment,4.5,11,106.6,4656000.0,,2026-04-19,True,True,47.1
11412,Tel Aviv,Apartment,4.0,8,52.6,2568000.0,1993.0,2024-06-15,True,True,0.0
11413,Ramat Gan,Apartment,5.0,2,99.8,3978000.0,2021.0,2024-06-16,True,True,0.0
11414,Tel Aviv,Apartment,3.5,11,117.3,4687000.0,2021.0,2025-07-19,True,True,0.0
11415,Jerusalem,Villa,5.5,0,214.1,8151000.0,1997.0,2024-09-15,False,False,0.0
11416,Petah Tikva,Villa,4.5,0,273.1,8146000.0,1985.0,2025-03-14,False,True,21.9
11417,Tel Aviv,Apartment,4.0,6,128.6,5572000.0,1983.0,2024-04-20,True,False,49.5
11418,Tel Aviv,Apartment,5.0,14,71.4,3081000.0,1998.0,2026-01-13,True,True,18.6
11419,Jerusalem,Penthouse,5.5,22,166.4,6086000.0,1980.0,2025-11-03,True,False,0.0
11420,Petah Tikva,Apartment,4.5,1,102.6,2708000.0,2006.0,2026-05-13,True,True,43.9
11421,Ramat Gan,Penthouse,5.5,10,191.1,8529000.0,2007.0,2026-04-18,True,True,0.0
11422,Jerusalem,Apartment,3.5,4,59.4,1754000.0,1972.0,2025-06-14,True,True,0.0
11423,Tel Aviv,Apartment,4.0,5,100.4,4946000.0,1962.0,2024-10-16,True,True,0.0
11424,Tel Aviv,Apartment,5.0,3,59.0,2896000.0,1991.0,2025-07-15,False,False,12.3
11425,Petah Tikva,Apartment,3.0,4,83.9,2089000.0,1994.0,2025-05-24,True,True,49.4
11426,Petah Tikva,Apartment,2.0,12,106.5,2502000.0,1978.0,2024-06-23,True,True,0.0
11427,Tel Aviv,Apartment,5.0,1,60.5,2835000.0,1973.0,2024-10-28,True,False,0.0
11428,Petah Tikva,Apartment,2.5,9,91.9,2151000.0,,2025-11-26,True,True,12.2
11429,Haifa,Villa,6.0,0,346.7,8620000.0,2004.0,2024-07-03,False,False,0.0
11430,Rishon LeZion,Penthouse,4.0,13,225.0,8600000.0,1978.0,2024-12-04,True,True,0.0
11431,Jerusalem,Apartment,3.0,9,77.9,2183000.0,2023.0,2025-05-24,True,False,29.7
11432,Jerusalem,Villa,4.5,0,324.8,11127000.0,2025.0,2026-03-29,False,True,40.3
11433,Jerusalem,Apartment,3.5,11,68.6,1900000.0,2025.0,2024-11-05,True,False,17.1
11434,Haifa,Penthouse,4.5,6,189.8,4974000.0,2004.0,2025-05-21,True,True,34.4
11435,Tel Aviv,Apartment,2.5,4,113.4,4443000.0,1962.0,2024-12-11,True,True,0.0
11436,Tel Aviv,Apartment,4.5,13,108.4,5604000.0,1997.0,2024-03-21,True,True,31.4
11437,Ramat Gan,Apartment,3.0,7,117.3,3845000.0,2001.0,2025-01-08,True,True,0.0
11438,Haifa,Apartment,2.5,14,76.1,1532000.0,1999.0,2024-06-04,True,True,0.0
11439,Tel Aviv,Apartment,3.0,9,103.5,4296000.0,2009.0,2026-02-25,True,True,29.7
11440,Haifa,Cottage,5.5,0,271.4,7596000.0,1994.0,2026-03-05,False,True,5.5
11441,Petah Tikva,Apartment,3.5,1,76.9,1934000.0,1983.0,2025-03-07,False,False,27.6
11442,Tel Aviv,Apartment,2.5,9,94.7,4089000.0,,2025-05-14,True,True,36.4
11443,Haifa,Apartment,4.0,2,110.0,2752000.0,1999.0,2026-01-30,True,False,8.3
11444,Ramat Gan,Apartment,4.0,5,50.7,1719000.0,2025.0,2024-05-26,True,True,0.0
11445,Rishon LeZion,Apartment,3.0,14,94.3,2465000.0,2003.0,2025-04-25,True,True,25.6
11446,Tel Aviv,Apartment,5.0,4,69.2,2841000.0,,2025-03-10,True,False,47.2
11447,Haifa,Apartment,3.0,9,104.1,2256000.0,1965.0,2025-06-02,True,False,9.8
11448,Rishon LeZion,Apartment,4.0,6,94.8,2464000.0,2025.0,2025-10-30,True,True,47.7
11449,Petah Tikva,Apartment,4.0,9,94.0,2475000.0,1980.0,2025-11-13,True,True,9.9
11450,Haifa,Apartment,4.5,8,56.2,1185000.0,1994.0,2024-03-09,True,True,0.0
11451,Jerusalem,Apartment,3.0,8,79.6,2647000.0,1988.0,2025-08-28,True,True,47.2
11452,Haifa,Apartment,4.0,9,123.0,2407000.0,,2026-05-30,True,True,0.0
11453,Rishon LeZion,Cottage,5.5,0,237.5,6519000.0,2012.0,2026-05-24,False,True,6.6
11454,Jerusalem,Apartment,2.0,13,65.3,2063000.0,1996.0,2026-06-06,True,True,0.0
11455,Tel Aviv,Apartment,3.0,14,80.7,4108000.0,1982.0,2024-07-04,True,True,0.0
11456,Petah Tikva,Cottage,6.0,0,204.5,5417000.0,1967.0,2026-06-22,False,False,28.1
11457,Haifa,Apartment,4.5,12,122.2,2885000.0,2007.0,2025-11-12,True,False,6.5
11458,Haifa,Apartment,4.0,5,79.3,1653000.0,1969.0,2024-07-22,True,True,34.4
11459,Tel Aviv,Penthouse,5.0,29,153.6,7980000.0,1983.0,2025-07-07,True,True,0.0
11460,Haifa,Penthouse,6.0,8,160.1,4063000.0,2006.0,2024-01-13,True,True,0.0
11461,Ramat Gan,Cottage,6.5,0,199.6,7236000.0,2012.0,2025-10-27,False,False,35.9
11462,Haifa,Apartment,3.5,6,103.0,2079000.0,1998.0,2024-09-30,True,True,36.8
11463,Tel Aviv,Apartment,2.5,10,74.5,3025000.0,2025.0,2024-10-24,True,True,0.0
11464,Haifa,Apartment,3.5,6,93.3,2263000.0,1965.0,2024-02-20,True,True,0.0
11465,Petah Tikva,Penthouse,4.5,8,129.2,3589000.0,1980.0,2025-05-14,True,True,0.0
11466,Tel Aviv,Apartment,4.0,2,83.0,3800000.0,1995.0,2025-01-03,False,True,0.0
11467,Petah Tikva,Apartment,5.0,1,125.8,3031000.0,1962.0,2025-12-24,False,False,17.2
11468,Ramat Gan,Apartment,4.5,9,97.0,3402000.0,2001.0,2025-10-17,True,True,0.0
11469,Rishon LeZion,Apartment,4.0,12,68.1,1908000.0,2004.0,2024-12-22,True,True,0.0
11470,Rishon LeZion,Apartment,4.5,6,71.4,1854000.0,2003.0,2024-01-03,True,True,0.0
11471,Jerusalem,Apartment,4.0,4,65.2,1989000.0,1992.0,2024-09-10,True,True,23.2
11472,Haifa,Cottage,5.5,0,189.6,5021000.0,2019.0,2025-04-19,False,True,13.3
11473,Rishon LeZion,Apartment,2.5,9,69.1,2112000.0,1985.0,2026-04-26,True,True,21.2
11474,Ramat Gan,Apartment,2.5,10,55.2,1754000.0,1980.0,2025-05-20,True,True,22.3
11475,Ramat Gan,Apartment,3.5,1,85.3,2625000.0,1961.0,2024-09-12,True,False,26.4
11476,Haifa,Apartment,4.5,4,74.5,1876000.0,2006.0,2025-09-01,True,False,0.0
11477,Rishon LeZion,Apartment,4.0,12,62.2,1633000.0,1989.0,2025-11-15,True,True,30.7
11478,Rishon LeZion,Apartment,4.0,1,119.9,3348000.0,1986.0,2024-05-29,False,False,6.8
11479,Rishon LeZion,Apartment,2.5,12,118.7,3127000.0,1979.0,2025-05-02,True,False,0.0
11480,Ramat Gan,Apartment,4.5,8,53.5,1662000.0,2009.0,2024-10-05,True,True,0.0
11481,Rishon LeZion,Apartment,2.5,1,119.2,3366000.0,1982.0,2024-02-28,False,True,20.7
11482,Tel Aviv,Apartment,3.5,5,82.1,3722000.0,1972.0,2025-03-21,True,True,
11483,Jerusalem,Apartment,3.5,13,55.8,1652000.0,1963.0,2024-04-22,True,True,0.0
11484,Tel Aviv,Apartment,3.0,14,72.7,3224000.0,1973.0,2026-04-15,True,False,
11485,Ramat Gan,Apartment,4.0,10,102.9,3922000.0,1979.0,2026-01-24,True,True,35.6
11486,Ramat Gan,Apartment,3.0,10,74.4,2675000.0,1972.0,2026-04-01,True,True,32.5
11487,Ramat Gan,Apartment,3.0,7,74.2,2283000.0,1962.0,2025-07-22,True,True,11.6
11488,Haifa,Apartment,4.5,1,71.4,1630000.0,2006.0,2025-05-03,False,True,0.0
11489,Ramat Gan,Apartment,4.5,12,57.9,2150000.0,1962.0,2025-02-10,True,True,24.2
11490,Ramat Gan,Apartment,2.5,6,60.4,2300000.0,1960.0,2025-01-01,True,True,15.0
11491,Tel Aviv,Apartment,2.5,6,85.0,3973000.0,1983.0,2024-02-29,True,True,8.9
11492,Ramat Gan,Apartment,4.0,5,120.9,3791000.0,1994.0,2024-11-24,True,False,0.0
11493,Tel Aviv,Cottage,6.0,0,157.0,8262000.0,1973.0,2025-12-28,False,False,
11494,Tel Aviv,Apartment,3.0,6,57.2,2711000.0,,2025-04-13,True,False,34.9
11495,Haifa,Villa,6.5,0,241.9,5599000.0,2006.0,2026-01-14,False,False,0.0
11496,Haifa,Apartment,3.0,9,62.4,1367000.0,2009.0,2025-07-20,True,False,11.9
11497,Haifa,Apartment,5.0,13,50.3,1075000.0,1985.0,2026-06-03,True,True,49.4
11498,Jerusalem,Apartment,2.5,2,111.1,3794000.0,1962.0,2025-12-20,True,True,0.0
11499,Ramat Gan,Apartment,4.5,3,88.2,2824000.0,2010.0,2024-03-03,False,True,25.4
11500,Rishon LeZion,Villa,6.0,0,164.8,5587000.0,1999.0,2024-07-02,False,True,0.0
10101,Tel Aviv,Penthouse,6.0,27,153.6,9253000.0,1973.0,2024-06-13,True,True,0.0
10201,Haifa,Apartment,2.0,1,109.2,2739000.0,2024.0,2025-04-06,True,True,50.0
10301,Tel Aviv,Apartment,5.0,13,55.8,2289000.0,1995.0,2026-05-26,True,True,25.6
